comments,date,symbol
$STAA selama masih ada potensi positif di haka aja dlu ğŸ‘ğŸ» apalagi yg bisa buy on weakness makin mantul diajak nanjak,"16 Dec 22, 13:19",STAA
$LSIP $BWPT $SSMS $STAA B35 apa kabar $BOSS ?gak jadi yaaa ciee cieee,"16 Dec 22, 11:21",STAA
"Harga kontrak Crude Palm Oil (CPO) di Bursa Malaysia Derivatives berguguran pada perdagangan Kamis (15/12/2022). Mengakhiri penguatan yang terjadi dalam dua hari beruntun. Hal ini diperkirakan karena harga CPO memasuki tren bearish.

Berita Fear, Kemungkinan MM sedang Akumulasi saham sawit seperti $STAA dll.

sumber:

random tag:$SDPC $SILO","16 Dec 22, 08:38",STAA
"$STAA membuka peluang membentuk tren naik setelah mulai bergerak di atas MA10 dengan sinyal goldencross pada MACD. Resisten terdekat 1100 berpotensi untuk dihampiri dan jika ditembus arahnya ke 1150 sekaligus menguji area konsolidasi sebelumnya.

Disclaimer On.

random tag : $ENRG $ADRO","15 Dec 22, 08:17",STAA
"JAKARTA, https://cutt.ly/H0xp1zp - Harga kontrak Crude Palm Oil (CPO) di Bursa Malaysia Derivatives berbalik menguat pada perdagangan Selasa (13/12/2022). Setelah mengalami penurunan pada perdagangan Senin (12/12/2022).

Berdasarkan data Bursa Malaysia Derivatives pada penutupan Selasa (13/12/2022), kontrak berjangka CPO untuk pengiriman Desember 2022 stagnan di 3.826 Ringgit Malaysia per ton. Kontrak pengiriman Januari 2023 meningkat 148 Ringgit Malaysia menjadi 3.850 Ringgit Malaysia per ton.

Sementara itu, kontrak pengiriman Februari 2023 terkerek 149 Ringgit Malaysia menjadi 3.886 Ringgit Malaysia per ton. Kontrak pengiriman Maret 2023 menguat 139 Ringgit Malaysia menjadi 3.903 Ringgit Malaysia per ton.

Serta, kontrak pengiriman April 2023 bertambah 137 Ringgit Malaysia menjadi 3.904 Ringgit Malaysia per ton. Kontrak pengiriman Mei 2023 terdongkrak 120 Ringgit Malaysia menjadi 3.898 Ringgit Malaysia per ton.

Research & Development ICDX Girta Yoga mengatakan, sepekan ke depan, harga CPO akan bergantung pada indikator pasar yang akan dirilis. Indikator yang dipantau antara lain rilisnya data ekspor CPO Malaysia untuk paruh pertama Desember, perkembangan situasi di Indonesia terkait kebijakan ekspor CPO, situasi di negara importir utama dan situasi di pasar minyak nabati.

$

Baca selengkapnya di :","14 Dec 22, 22:53",STAA
$STAA hari ini tertahan sama ma20.. peluang naik besok cukup besar.. karena kemarin sudah ada cross di ma5 dan ma10..,"14 Dec 22, 22:15",STAA
"$STAA break out MA 20,potensi lanjut besok, gan","13 Dec 22, 14:58",STAA
"Pungutan ekspor (PE) minyak mentah atau Crude Palm Oil (CPO) kembali berlaku.
Ketua Umum Dewan Pimpinan Pusat Asosiasi Petani Kelapa Sawit Indonesia (DPP Apkasindo) Gulat Manurung mengatakan pemberlakuan pungutan ekspor CPO ini berdampak pada harga tandan buah segar (TBS) sawit milik petani.

Berita Fear kayak gini,biasanya tanda $STAA lagi di akum bandar nih.ğŸ˜

random tag: $GOTO $ADMR

sumber:","13 Dec 22, 08:50",STAA
"Dengan masih terjadinya perang Rusia-Ukraina,produksi minyak nabati lain utamanya produksi minyak bunga matahari terganggu, ini bisa memberikan peluang minyak sawit menggantikan minyak bunga matahari,â€ kata Eddy.

Peluang $STAA ,,semoga hari ini merah,tahun depan hijau royo.

random tag: $GOTO $BIPI

sumber: https://cutt.ly/60a34LQ","12 Dec 22, 07:54",STAA
@egar88simbolon iy cm klo di $STAA hrus sbar nunggu naiknya om ğŸ˜¬,"10 Dec 22, 15:34",STAA
"@vivianshu kemaren dah ijo tuhb $STAA, udah mulai rebound pelan2","10 Dec 22, 15:30",STAA
"$STAA ditutup. menguat saat IHSG terjun bebas hari ini, masa depan sungguh ada dan harapan tidak akan hilang ğŸ’ª","9 Dec 22, 17:51",STAA
"Katalis B30 sukses membuat harga CPO melejit, padahal harga minyak saingan pada perdagangan kemarin terkoreksi. Kalo $STAA bisa menutup koreksinya kemungkinan bakal uptrend menyentuh target terdekat di 1080","9 Dec 22, 08:13 Â· Edited on 9 Dec 22, 08:14",STAA
"Research & Development ICDX Girta Yoga mengatakan, harga CPO lebih banyak dikelilingi oleh sentiment positif. Mulai dari rencana pemerintah Indonesia untuk meningkatkan mandatori biodiesel menjadi B35 yang akan dimulai pada Januari 2023 mendatang. Selain itu, keputusan pemerintah India untuk memperpanjang bea masuk gratis untuk CPO dan mengurangi bea masuk untuk produk olahan CPO.ğŸŒ´ğŸŒ´

semoga berita diatas menjadi boster kenaikan harga saham emiten Sawit.seperti $STAA dll

random tag:","9 Dec 22, 07:32",STAA
"Lumayan cuan $CHEM lagi hari ini, untung pas retrace beli.
Tinggal nunggu $STAA jalan dah ini.","8 Dec 22, 20:50",STAA
"@egar88simbolon amin $STAA naik akhir tahun, ke 1.200 aja udah seneng hehe","8 Dec 22, 18:54",STAA
"Regulasi yang diterapkan Kementerian Keuangan RI, secara nyata kian memberatkan industri sawit nasional. Pasalnya, pandemi covid 19 yang melanda dunia dan Indonesia, juga menyebabkan perekonomian nasional terpuruk. Kendati industri sawit nasional memiliki ketahanan yang lebih baik, seharusnya justru mendapatkan dukungan pemerintah supaya bisa maju melesat.

Kondisi ini mungkin yang menyebabkan emiten Sawit seperti $STAA dll,harga nya masih maju mundur cantik

sumber:

random tag:","8 Dec 22, 13:03",STAA
"Niat pemerintah menerapkan mandatori program campuran biodiesel 35% pada BBM Solar di 2023,akan menjadi angin segar bagi emiten Sawit (CPO).ğŸŒ´

Semoga $STAA dapat proyek nya juga nihğŸš€

source:https://cutt.ly/M16JX7g","8 Dec 22, 08:32",STAA
@mybintang sikat ni sesi 1 akwkawka $STAA,"8 Dec 22, 08:30",STAA
"@wildanpart2 izin bertanya, kalo $CPO bagaimana prediksi nya 6 bulan ke depan? Colek $AALI $STAA $DSNG","8 Dec 22, 07:54",STAA
"hri ini $CPO naek, $STAA kpn naekny??","7 Dec 22, 19:23",STAA
"@manteps $STAA calon2 kayak $CHEM ga ya.. diem2 naik, tiba2 ngagetin pkknya wkwkwk..","7 Dec 22, 17:03",STAA
@WardayaAmar sikat gannnn $STAA,"7 Dec 22, 15:45",STAA
Laporan Bulanan Registrasi Pemegang Efek [STAA],"7 Dec 22, 15:30",STAA
@vivianshu cuan buat tahun baru ya gan akwkawka $STAA,"7 Dec 22, 11:19",STAA
@lingsirdewi sikat ka hehehe $STAA,"7 Dec 22, 11:18",STAA
"$STAA Meski sempat menembus support di level 1000 tetapi terbentuknya spinning top candle dapat menjadi indikasi berimbangnya kekuatan jual dan beli. Stochastic oscillator yang berada di zona oversold dan mulai menyempit maka ada peluang membentuk goldencross yang menjadi pertanda dari pembalikan trend.

Resisten terdekat yang akan diuji ada di level 1070 setelah itu 1110.

Disclaimer On","7 Dec 22, 08:59",STAA
"MENGIDOLAKAN BOLEH, MENJADI FANATIK JANGAN

*Fanatik sendiri dalam kamu KBBI bisa diartikan sebagai suatu keyakinan untuk meyakini ajaran atau kepercayaan dengan kuat.

Kenapa saya selalu mengingatkan hal yang mungkin terdengar sangat sepele ini?

Warren Buffett, Lo Kheng Hong, Peter Lynch. Mungkin nama nama ini yang sangat familiar di telinga teman teman. Meskipun nama nama tersebut menjadi sumber rujukan dari kebanyakan para investor, tapi taukah anda jika masih banyak nama nama yang tidak disebutkan di atas yang return pengembalian tahunannya lebih besar dari investor kawakan sekelas Warren Buffett sekalipun. Sebut saja Wilmot H. Kidd ( Central Securities Corp) , William Harnisch (Peconic Partners) dan masih banyak nama nama lainnya yang mungkin tidak akan pernah terpikirkan oleh anda.

Meskipun portofolio Willmot Kid dan William Harnisch tidak sebesar portofolio Warren Buffett tapi untuk masalah return investasi kedua investor tsb jangan di tanya lagi.

Kembali lagi ke masalah fanatik. Selama ini mungkin kita sangat bersemangat dan bilang ""Saya ingin seperti Warren Buffett"" dengan mengikuti gaya berinvestasinya (atau mungkin lebih tepat di sebut gaya berinvestasinya Benjamin Graham, guru Warren Buffett) . PBV rendah, PER rendah, ROE tinggi, dll.

Kebijaksanaan Warren Buffett memang patut di acungi jempol. Tapi bagi saya yang selalu jeli dalam melihat hal hal sekecil apapun, saya beberapa kali menemukan inkonsistensi dari pernyataan pernyataan Warren Buffett sendiri. Itu juga saya temukan dari beberapa pernyataan pernyataan Lo Kheng Hong.

Contohnya:

1. Warren Buffett bilang dia sangat membenci kripto , tapi dia berinvestasi di perusahaan Nubank yang notabenenya juga berbisnis di sektor kripto juga ( Baca: )

2. Warren Buffett sangat menyukai dividen dari portofolio investasinya (meskipun Berkshire Hathaway sendiri adalah perusahaan yang sangat pelit membagikan dividen kepada shareholdernya). Meskipun saham Apple nya mengalami peningkatan dari harga sahamnya, tapi kalau di lihat dari rata rata dividen yield per 10 tahunannya , Apple hanya memberikan dividen rata rata sebesar 1,4%. Meskipun ROE Apple termasuk tinggi, tapi jika di compare dengan perusahaan lain sebenarnya masih banyak perusahaan yang returnnya tinggi dan di sertai dividen yield yang tinggi juga.

3. Bagaimana dengan Lo Kheng Hong ? Lo Kheng Hong pernah membuat pernyataan ""Saya Tak Mau Buat Akun Instagram, Tak Mau Punya Follower"" atau ""Jangan Dengar Pompom, Influencer, dan Teman"". Apakah ada yang salah dengan pernyataan tsb. TIDAK SAMA SEKALI. Tapi yang perlu di ingat ada satu nama influencer saham yang paling gencar meng ""HIGHLIGHT"" nama Lo Kheng Hong dengan gaya value investornya (termasuk acara makan makan dll) dan Lo Kheng Hong tidak menolak namanya di pakai untuk hal yang bersifat komersial.

Yang jadi pertanyaannya, apakah kita harus menghindari orang yang inkonsistensi dengan pernyataannya sendiri ? Saya rasa bukan untuk itu tujuan saya menulis ini. Saya pribadi tetap menaruh rasa hormat yang tinggi kepada orang orang seperti pak Lo dan Warren Buffett yang sudah menginspirasi saya untuk menjadi seorang investor.

Yang ingin saya sampaikan adalah "" JANGAN TERLALU FANATIK KEPADA SATU HAL YANG KITA RASA PALING BENAR"" karena hal tersebut bisa saja menjadi tembok penghalang untuk mempelajari ilmu pengetahuan yang baru.

Quotes: "" Setiap manusia tetap memiliki sisi baik yang bisa ikuti dan sisi buruk yang akan menjadi pelajaran berharga untuk generasi berikutnya. ""

Random tag : , , , , (*Bukan rekomendasi untuk membeli atau menjual saham yang disebutkan)","6 Dec 22, 12:47",STAA
"Pergerakan harga CPO sepekan ini akan bergantung pada rilisnya beberapa indikator di pasar. Indikator yang dipantau antara lain rilisnya data ekspor CPO Malaysia untuk periode awal Desember, perkembangan situasi di Indonesia terkait kebijakan ekspor CPO, perkembangan situasi Covid-19 di Tiongkok, dan juga situasi pasar minyak nabati.

Mungkin sentimen ini yang mempengaruhi harga emiten Sawit seperti $STAA dll terkoreksi.

sumber:","6 Dec 22, 07:44",STAA
"potensi peningkatan program mandatori biodiesel yang berjalan saat ini, dan kemungkinan dapat dilakukan pada tahun depan. Untuk dampaknya, hal ini tentu akan menjadi katalis positif bagi harga CPO.

dengan ini sangat memungkinkan staa untuk kembali uptrend
Setelah menembus support di angka 1000
$STAA","5 Dec 22, 17:25",STAA
"@EkiSutiono $STAA sedang menguji kembali angka support 1000.Apabila bertahan akan kembali naik untuk mencoba menembus resisten terdekat di 1080 dan kemudian 1110 yang relatif berhimpit sebagai area krusial sejauh ini. Sementara stochastic oscillator berpeluang membentuk goldencross kembali mendekati area oversold.
Disclaimer On","5 Dec 22, 11:07 Â· Edited on 5 Dec 22, 11:07",STAA
"$STAA sideway sampe awal tahun $CPO
tinggal tidur dulu aja
$IHSG","5 Dec 22, 09:57",STAA
$STAA,"4 Dec 22, 07:15",STAA
$STAA ngantri di 964 yah om.. ğŸ™,"3 Dec 22, 21:29",STAA
$STAA,"3 Dec 22, 13:17",STAA
@talithalatief $STAA senin bakal rebound donk. Mayan senin berkah.,"3 Dec 22, 10:42",STAA
$STAA naik dong jangan muter2 situ aja,"2 Dec 22, 14:00",STAA
$STAA bid beton di 1000 $CPO,"2 Dec 22, 10:43",STAA
"Ekonomi Diramal Suram, Tapi Harga CPO Kok Ogah Turun?ğŸŒ´

Harga komoditas minyak sawit mentah (CPO) naik tipis di sesi awal perdagangan Kamis (01/12/2022), setelah sukses membukukan kenaikan di sepanjang November 2022 sebesar 4,5%.

Harga $STAA masih koreksi,dikasih diskon.
Peluang dapat harga murah nih


link berita:","2 Dec 22, 09:37",STAA
$STAA masih parkir yoo $IHSG,"2 Dec 22, 09:27",STAA
,,STAA
Penyampaian Materi Public Expose - Tahunan [STTP],"13 Dec 22, 16:40",STTP
Laporan Bulanan Registrasi Pemegang Efek [STTP],"12 Dec 22, 15:10",STTP
"$ADES Q3 review


Tag konsumer:
$STTP $ICBP $CLEO $MYOR","4 Dec 22, 12:46",STTP
Rencana Penyelenggaraan Public Expose - Tahunan [STTP],"2 Dec 22, 16:40",STTP
Tag $ICBP $STTP $ENAK $UNVR $MAPB,"25 Nov 22, 17:15",STTP
Penunjukan/Perubahan Kantor Akuntan Publik dan/atau Akuntan Publik [STTP],"18 Nov 22, 09:20",STTP
Laporan Bulanan Registrasi Pemegang Efek [STTP],"8 Nov 22, 15:40",STTP
"$BSSR melihat pergerakannya,,yg gitu2 aja apakah masih ada harapan?? kita nunggu LK Q3 nya
agak sikit hopeless sih...
menjelang resesi ekonimi fokus ke Consumer good saja dl ahh $ICBP $MYOR $UNVR $STTP","4 Nov 22, 18:06",STTP
@bamzat maksudnya biar jadi $STTP $WINS $ARTO canda ya om ğŸ˜„ğŸ™,"31 Oct 22, 12:02",STTP
"@Paquito sama aja gan beli $STTP nanti dikritik ahli dan anal-is saham kolor ijo kayak di $ULTJ , cash rich tapi gak melakukan diversifikasi gan.","31 Oct 22, 12:00",STTP
@bamzat sekalian beli $STTP #maksa,"31 Oct 22, 11:58",STTP
"KINERJA EMITEN 9M22

$SOTS
PENDAPATAN Rp13.1 miliar (9M22) vs. Rp7.9 miliar (9M21)
LABA BERSIH* -Rp14.3 miliar (9M22) vs. -Rp11.5 miliar (9M21)

$TLKM
PENDAPATAN Rp108,874.0 miliar (9M22) vs. Rp106,043.0 miliar (9M21)
LABA BERSIH* Rp16,581.0 miliar (9M22) vs. Rp18,872.0 miliar (9M21)


PENDAPATAN Rp497.6 miliar (9M22) vs. Rp318.0 miliar (9M21)
LABA BERSIH* Rp62.5 miliar (9M22) vs. Rp7.0 miliar (9M21)


PENDAPATAN Rp3,575.3 miliar (9M22) vs. Rp3,045.1 miliar (9M21)
LABA BERSIH* Rp419.3 miliar (9M22) vs. Rp433.3 miliar (9M21)


PENDAPATAN US$8.8 juta (9M22) vs. US$7.3 juta (9M21)
LABA BERSIH* -US$2.7 juta (9M22) vs. -US$3.5 juta (9M21)

*Laba bersih yang diatribusikan kepada pemilik entitas induk
Sumber: Emiten,","31 Oct 22, 05:27",STTP
$STTP,"30 Oct 22, 08:26",STTP
"Berikut rangkuman untuk update laporan keuangan Q3 Tahun 2022 yang keluar pada tanggal
29 OKTOBER 2022

- Data dalam milyaran rupiah
- Sort berdasarkan ROE tertinggi
- Data sudah update untuk Laporan Keuangan Q3 adalah 168 Emiten dari 810 Emiten

Cara untuk mendapatkan data lebih lengkap silahkan chat.","30 Oct 22, 08:13",STTP
Penyampaian Laporan Keuangan Interim Yang Tidak Diaudit [STTP],"29 Oct 22, 12:10",STTP
"Auto Rejection Bawah: 18 Oct 2022 (32 saham)
$STTP -6,93%
$IFSH -6,93%
$WICO -6,88%
$PTBA -6,82%
$RAFI -6,82%
Historikal ARA & ARB: https://cutt.ly/YBLX8pB","18 Oct 22, 16:41",STTP
"$IHSG Negara KonohağŸ˜
$FILM $ASRM $UFOE $STTP
#ads","18 Oct 22, 09:23 Â· Edited on 18 Oct 22, 09:24",STTP
"5 Saham Kebal Resesi?

Berikut merupakan review sekilas mengenai 5 saham yang bergerak di sektor consumer goods yang menurut analisa kami masih undervalue.

Kenapa sektor consumer goods? karena sektor ini dikenal sebagai sektor defensif disaat resesi.

Selengkapnya silahkan tonton video terbaru kami, klik linknya di bawahğŸ‘‡","14 Oct 22, 19:05",STTP
"@d2pmn ga ada yg tau masa depan, ga bisa dibilang the next ini itu. cuma saya yakin sama efisiensi dan pengembangan yg dilakukan management. saya jatuh cinta ketika ngobrol setelah rups dan pubx hahaha. semoga bisa jadi the next $MYOR $STTP $ADES #ehhh","12 Oct 22, 23:25",STTP
"Rupiah Melemah, Siantar Top (STTP) Akan Lakukan Penyesuaian Harga Jual Produk
Emiten produsen makanan ringan Mie Gemez dan minuman ringan, PT Siantar Top Tbk (STTP) turut menanggapi adanya pelemahan rupiah sejak tadi pagi. Nilai tukar rupiah l pada Rabu (12/10) siang pukul 12.35 WIB dengan kurs rupiah spot melemah 0,14% ke Rp 15.379 per dolar Amerika Serikat (AS). Menanggapi...","12 Oct 22, 19:56",STTP
"$STTP
ini saham private atau terbuka ya?
perasaan kgk ada data apa-apa.
shareholders kgk ada.
jangan jangan saham sahaman ini.","7 Oct 22, 09:42",STTP
"MY HIDDEN GEM FINALLY REVEALED part 2

Oke, kemarin saya sudah buat tulisan tentang background story turnaround $AISA. Kali ini saya mau membahas fundamentalnya. Mari kita buka laporan keuangannya.

Pertama2 kita coba lihat revenuenya dari tahun 2020 itu naik terus. Jika anda baca buku SUPER STOCK karangan Ken Fisher, maka anda akan tau salah satu ciri2 saham turnaround adalah salesnya tidak berkurang walaupun profitnya minus (karena terdampak faktor luar maupun dalam). Artinya apa? Sederhana sekali! Artinya produknya masih sangat dinikmati!! Tidak bisa dipungkiri, TARO merupakan snack fav saya waktu di SD, saya rasa banyak juga dari kalian yg sering beli juga waktu jam istirahat ğŸ¤­

Penjualan AISA tahun 2019 adalah 1,51 Trilyun dan setelah itu ditake over dan terjadi penyesuaian tim baru, sales turun menjadi 1,28T di tahun 2020 (disini pandemi dimulai, sales semuanya menurun, dan terjadi beberapa penyesuaian tim) dan kemudian super tim ini berhasil menaikan sales menjadi 1,52T pada tahun 2021. Saat ini, sales dalam 2 quater saja sudah mencapai angka 863Miliar. Kalau kita anggap tidak ada kenaikan berarti sampai akhir tahun bisa mencapai 1,72T. Pencapaian yang lebih tinggi lagi dari tahun2 sebelumnya.

Ingat kemarin saya sempat share q4 2020 tb2 membukukan laba 1,2T. Skr mari kita teliti lebih dalam, kita fokuskan pada liabilitas jangka panjang saja.
â— Pada q3 2020
- utang bank jangka panjang 952M,
- utang obligasi neto 324M
- utang sukuk ijarah neto 770M
- liabilitas pajak tangguhan 200M
- Total liabilitas jangka panjang adalah 2,5T (ada beberapa komponen yg saya ga sebutin satu2)
â— pada q4 2020, bukan sulap bukan sihir
- utang bank jangka panjang *puff lenyap*,
- utang obligasi neto sisa 5,1M
- utang sukuk ijarah neto sisa 48M
- liabilitas pajak tangguhan sisa 19M
- Total liabilitas jangka panjang adalah 327 M

2,5T - 327M adalah 2,1T

WAH AISA CUAN GEDE NIH ğŸ¤‘ğŸ¤‘ğŸ¤‘

Jika kita melihat dari revenue dan profit saja, maka 2020 AISA membukukan rugi usaha 162M sedangkan 2021 rugi usaha adalah 69M. Berarti ada peningkatan yang sangat signifikan dalam perusahaan, dapat mengurangi kerugian hampir 70%. Tetapi jika ditambah dengan penghasilan lain2 sebanyak 84M, maka 2021 sudah membukukan laba sebesar 9M

Jika lihat pembukuan sampai 2021 saja, feeling saya merasa AISA ini tinggal tunggu waktu aja turnaround, kurang apalagi? Presdir hebat dan berpengalaman, bekingannya konglomerasi besar, punya pabrik tepung, logistik, bahan baku, dll. Istilahnya AISA ini dapat privilege cuy. Ada lagi disebutin di buku SUPER STOCK, salah satu ciri2 saham turnaround adalah unfair advantages, bisa baca di artikel saya di

Oke kita fast forward ke tahun 2022. Bagaimana kinerja AISA? Jika anda mengharapkan langsung profit, maka akan jadi kabar buruk, tapi jika anda sabar dan bisa melihat lebih detail, maka ini akan jadi kabar baik. Oke kita mulai

Q1 tahun 2022
revenue 449M (ini merupakan revenue tertinggi dalam 9 quartal terakhir)
Laba usaha minus (11M)
Laba bersih setelah pajak minus (13M)

Saya coba cari2 dan ada 1 komponen yang bertambah cukup besar yaitu beban promosi yaitu dari 23M (Q1 2021) menjadi 47M (Q1 2022) naik 100%! Ini bisa jadi baik atau tidak, karena hasilnya belum bisa langsung terdampak ke penghasilan. Jujur saja AISA memang under promotion akhir2 ini.
Kemudian ada biaya pengangkutan juga dari 17,9M menjadi 21,2M naik sekitar 18% which is really good berarti produknya terbesar lebih banyak di toko2 seluruh Indonesia

Q2 tahun 2022
Revenue 414M (lebih rendah sedikit dari Q1)
Laba usaha profit 2M (WOW!! AKHIRNYA PROFIT)
Tetapi disini ada beban lain2 minus (16M) sehingga
Laba bersih setelah pajak minus (12M)

Oke kita coba cari ya, apaan nih beban lain2, kok minusnya banyak? Saya menemukan ada kenaikan drastis di beban keuangan dari minus (4M) (Q2 2021) menjadi minus (20M) (Q2 2022). Oke coba kita lihat lagi detailnya ternyata tb2 muncul beban amortisasi obligasi dan sukuk sebesar 17,2M dari yang tahun lalu cuma 1,6M. Berarti kl ga ada 17M ini, AISA sudah untung 5M donk? Hmm hmm hmm ğŸ¤‘ğŸ¤‘

Coba kita lihat lagi beban promosi, jadi berapa ya? Wow! Dari Q1 47M skr menjadi 100M. Jika dibanding Q2 tahun lalu, hanya 60M saja. Gila ga main2 nih AISA mau genjot penjualannya!! Saya dukung pak!! Yang penting tepat sasaran ğŸ’ª

Untuk valuasi saya tidak ribet2, kita bandingkan dengan perusahaan sejenis aja yaitu
NPM
- 8,65%
- 5,11%
- 26,32%

Kita anggap saja dalam setahun revenue AISA bisa mencapai 2T. Dengan NPM anggap 8% saja yaitu 160M. Berarti dengan mcap sekarang 1,5T dibagi 160M didapat PER 9. Masih cukup undervalue. Untuk perusahaan sejenis rata2 berada di kisaran PER 19 sampai 31. Anggapan aja PER 25 berarti harga wajarnya adalah sekitar Rp.410-450 jangan lupa nanti akan grow terus, jadi saya sendiri akan hold long term.

Ok sekarang kita lihat dari segi produknya. Saya rasa AISA sangat pintar untuk tidak bersaing di segment mie karena sudah ada penguasa pangsa pasar yang sangat susah dikalahkan yaitu indomie, sarimie dan mie sedap wings group. Mereka memilih fokus di produk BIHUNKU dimana saingan terberat adalah SUPER BIHUN. Dari sisi company market cap tentunya super bihun tidak bisa bersaing dengan AISA, jadi bisa dikatakan penguasa pasar bihun di Indonesia adalah AISA, sekarang PRnya adalah gimana bisa meningkatkan daya beli dan kecintaan masyarakat kepada bihun, sedangkan masyarakat Indonesia cenderung suka mie instan.

Saya sempat membeli 1 dus BIHUNKU dengan rasa goreng, laksa, soto, kari. Menurut saya yang paling enak adalah bihun goreng dan bihun soto. Ada temen2 saya yang suka laksa dan keluarga saya ada yang suka kari juga. Jadi it really is about preference. Cuma 1 hal yang semua setuju. PRODUKNYA ENAAAAKK!!! ğŸ˜ğŸ˜
Terakhir AISA baru launching bihun baru yaitu rasa japchae yang menurut saya sangat pintar karena japchae korea teksturnya memang mirip bihun.

Untuk snack yaitu TARO sudah tidak perlu diragukan lagi, itu favorit saya dari kecil (agak bias ya ğŸ˜œ) dan mereka sudah launching produk baru yaitu TARO TEMPE! Sudah bisa dibeli di beberapa supermarket.

Untuk teman2 mgkn bisa mencoba jg dan bs share enak atau ngga di kolom komentar ğŸ˜

Menurut saya, AISA masih perlu menguatkan lini produksi dan distribusinya supaya bisa lebih merata dijual di supermarket dan warung2 kecil agar lebih terjangkau. Dan jika PR itu sudah mereka kerjakan, wah!! Saya rasa salesnya bukan sebangsa 2T, tapi bisa double!!

Mungkin cukup sekian dulu yang saya bisa share, saya sendiri juga sempat mengunjungi RUPS dan PUBX AISA tahun ini, dan cukup senang dengan atmosphere management yang sangat friendly dan sangat solid. Itu point plus yang besar buat saya. Mari kita doakan semoga AISA sukses dan bs menjadi saham multibagger kita semua ğŸ¥°



.
.
.

Semua yg saya share itu adalah hasil research pribadi. Tetap harus DYOR untuk mendapatkan conviction sendiri. Kalau ketinggalan kereta gpp, nanti saya akan terus mencari hidden gem versi saya dan akan share info2nya buat referensi teman2. Salam Cuan Bagger!!!","2 Oct 22, 09:17 Â· Edited on 2 Oct 22, 16:19",STTP
"Cara dapat deviden bagger

$MYOR $AISA $ADES $STTP $ICBP

https://cutt.ly/rV0y3Tt","2 Oct 22, 08:51",STTP
$STTP pabrik deket rumah,"30 Sep 22, 10:29",STTP
$STTP emiten radak gak niat gini tiap open market cuma 1-2 lot ngapain laaah,"30 Sep 22, 10:23",STTP
"Saya terus terang punya pengalaman bagus invest di saham konsumer. Tahun 2008 lalu saya membeli $MYOR di harga yang tidak terlalu rendah. Myor saat itu melakukan beberapa kali stock split hingga harga avg saya rata2 43 padahal harganya sempet ke 21. Kalo kita lihat dps 30 persen di tahun 2020 saja devidennya sudah dapat 52. slide 1 dan 2. di 2018 sempat menyentuh harga tertingginya di atas 3000.

Ternyata tidak cuman mayora yang menghasilkan kinerja jangka panjang yang baik. $ADES contohnya di tahun 2008 harganya masih sekitar 150 saat ini sudah 7500 kalo lihat eps tahunannya sudah sampai 500 lebih kalau saja nanti Ades membagikan deviden dengan dps 30 persen yang di bagikan maka deviden nya adalah 100 persen. Sayangnya saya baru invest di Ades tahun lalu avg 1900 slide 2 dan 3

Contoh lainnya adalah atau Siantar Top. Siantar top harganya sama kurang lebih di 150 di tahun 2008 sekarang sudah mencapai 7500 dengan eps 441 di tahun 2021. Kalo di bagikan 30 persen deviden kurang lebih sama mendekati 100 persen slide 4 dan 5

3 contoh saham perusahaan makanan secondliner yang inline dengan pertumbuhan penduduk, ekonomi dan inflasi, dengan perusahaan yang cenderung lebih stabil dengan bisnis lainnya membuat saya cukup suka dengan sektor konsumer yang tidak heran valuasi consumer itu bisa di hargai cukup mahal dengan per bisa mencapai hingga 30-40 dan pbv bisa sampai 9 x.

Kali ini perusahaan konsumer mendapat cukup banyak tantangan seperti covid kemaren membuat mobilitas dan promosi dan konsumsi makanan mulai menurun, supply shortage bahan baku yang mahal serta nilai kurs dollar yang tinggi terutama untuk bahan baku import seperti gandum yang mahal yang tentunya akan berpengaruh pada kinerja beberapa emiten konsumer seperti dan . Namun demikian saat ini saya masih suka dengan sektor konsumer yang relatif masih di bottom. 50 persen porto saya saat ini di konsumer ğŸ˜‚ğŸ˜‚ğŸ˜‚","30 Sep 22, 05:46 Â· Edited on 30 Sep 22, 05:47",STTP
"Siapa yang Nga tau brand Coca cola? Yang terkenal dengan jingle nya Always Coca Cola? Ada cerita lucu di balik sebuah minuman hitam bersoda yang sangat di gemari di US. Coca cola saat itu penjualannya sangat berhasil sekali pada saat mereka merekrut salah satu konsultan brand dan melahirkan slogan always Coca cola. Selama bertahun tahun Coca cola selalu menggunakan brand always Coca cola. Pada suatu rapat direksi mereka mulai mempertanyakan tentang bagaimana kelanjutan Coca cola mengingat mereka membayar cukup mahal brand konsultan ini secara bertahun tahun namun brand Coca cola masih saja always Coca cola. lalu dipanggil lah konsultant brand tersebut. Lalu direksi perusahaan bertanya pad konsultan tersebut apa yang akan kita lakukan kedepannya dengan brand Coca cola ini? Kata konsultan brand tersebut kita akan tetap menggunakan always Coca cola pak. Lalu direksi itu bertanya saya bertahun tahun membayar anda dan anda hanya berbicara pada saya untuk tetap menggunakan always Coca cola? Lalu untuk apa saya membayar anda? Lalu konsultan brand tersebut bilang , saya disini dibayar untuk mempertahankan Always Coca Cola bukan untuk merubah nya. ğŸ˜‚ğŸ˜‚ğŸ˜‚ğŸ˜‚

Sama saja seperti di dunia saham seringkali kita berpikir saham apa lagi saham apa lagi saham apa lagi. Tapi tidak berpikir dengan saham apa yang sudah kalian miliki.

Di dunia saham ini ada begitu macam perusahaan yang baik ada 1001 macam prospek yang menarik tapi di mana Anda mau dan ingin invest?

Slide 2

Piter lynch mengatakan the best stock to buy is the one you already own. Sometimes kita lupa dengan stock yang sudah kita punya kita pelajari dan kita kenal dan menggantinya dengan stock lain yang justru belom kita kuasai sebaik stock sebelumnya.

Slide 3

Selalu fokus untuk investasi jangka panjang seperti Warren Buffet yang begitu menghayati always Coca cola... ğŸ˜‚ğŸ˜‚ğŸ˜‚","29 Sep 22, 18:36",STTP
"Siantar Top (STTP) Akui Terdampak Kenaikan Harga Gandum
. Emiten produsen makanan ringan Mie Gemez dan minuman ringan, PT Siantar Top Tbk (STTP) mengakui jika kenaikan harga bahan baku tepung gandum juga sangat mempengaruhi harga produknya. Direktur STTP Armin tidak memberikan keterangan detail mengenai kenaikan harga produk yang dikenakan pada masing-m...","1 Sep 22, 17:55",STTP
"Mengukur Dampak Potensi Kenaikan Harga BBM pada Bisnis Siantar Top (STTP)
. PT Siantar Top Tbk (STTP) menilai penyesuaian harga Bahan Bakar Minyak (BBM) oleh pemerintah tidak memberikan dampak signifikan pada bisnis perusahaan. Direktur Utama STTP Armin mengungkapkan penyesuaian harga BBM khususnya solar umumnya bakal berdampak pada transportasi bahan baku dan pengiriman...","31 Aug 22, 05:41",STTP
"Respons Siantar Top (STTP) Atas Wacana Penyesuaian Harga BBM pada Bisnis Perusahaan
. PT Siantar Top Tbk (STTP) menilai penyesuaian harga Bahan Bakar Minyak (BBM) oleh pemerintah tidak memberikan dampak signifikan pada bisnis perusahaan. Direktur Utama STTP Armin mengungkapkan penyesuaian harga BBM khususnya solar umumnya bakal berdampak pada transportasi bahan baku dan pengiriman...","30 Aug 22, 19:10",STTP
"$MYOR
$INDF
$ICBP
$STTP
$CPIN


Ingin belajar saham klik link di Bio!!","4 Aug 22, 20:54 Â· Edited on 4 Aug 22, 23:46",STTP
"$STTP pada Q2 2022 membukukan Laba Bersih Rp 92 B atau turun -15.9% dibanding Q2 2021 sebesar Rp 109 B. Pada perdagangan saat ini, PE Ratio (TTM) perseroan berada di level 17.35x.

Pendapatan meningkat 17.9% menjadi Rp 1,060 B. Gross Profit Margin di kuartal ini adalah 16.3% dibandingkan dengan 22.7% di periode yang sama tahun lalu. Laba Kotor tercatat turun -15.4% menjadi Rp 172.76 B.

Sementara itu Beban Keuangan $STTP tercatat sebesar Rp (8 M).

Dari sisi Arus Kas, melaporkan negative Operating Cashflow sebesar Rp (72 B). Selain itu, emiten telah menyerap Capex pada periode ini senilai Rp (17 B) sehingga Free Cash Flow tercatat Rp (89 B).

Data tersaji dalam kuartalan, bukan year to date.

Selengkapnya Data Finansial bisa diakses","2 Aug 22, 19:59",STTP
@eddictive pindah ke Siantar ya om? $STTP,"2 Aug 22, 03:09",STTP
"Beban Mengembung, Laba Siantar Top (STTP) Turun Jadi Rp255 M di Semester I-2022
EmitenNews.comâ€”PT Siantar Top Tbk (STTP) meraih penjualan Rp2,24 triliun hingga periode 30 Juni 2022 naik dari Rp1,92 triliun di periode yang sama tahun sebelumnya.
 
Laporan keuangan perseroan Senin menyebutkan, naiknya beban pokok penjualan menjadi Rp1,81 triliun dari Rp1,46 triliun membuat lab...","1 Aug 22, 09:40",STTP
Penyampaian Laporan Keuangan Interim Yang Tidak Diaudit [STTP],"29 Jul 22, 17:10",STTP
Penyampaian Bukti Iklan Informasi Laporan Keuangan Interim [STTP],"29 Jul 22, 16:50",STTP
$STTP $INDF $UNVR $ULTJ $CAMP,"14 Jul 22, 17:45",STTP
Penyampaian Bukti Iklan Hasil RUPS [STTP],"5 Jul 22, 14:10",STTP
"Pengunaan laba bersih $STTP tahun buku 2021:
1. 150 M untuk dana cadangan.
2. 467.57 M dibukukan sebagai laba ditahan untuk tambahan modal.

Masih mendingan $ADCP walau devidennya Rp 1.17/share tapi keuntungan dibagikan ke pemegang saham. :-)","5 Jul 22, 14:08",STTP
Ringkasan Risalah Rapat Umum Para Pemegang Saham Tahunan [STTP],"4 Jul 22, 16:00",STTP
,,STTP
sabar om cuan gw hr ini gw kasih tips jar elo untk beli $ROTI,"16 Dec 22, 10:32",ROTI
"$ROTI 14 Dec 22
Shareholder : Nippon Indosari Corpindo
Type : Local
Bought : +29,000 (0.00%)
Current : 481,696,400 (7.79%)
Previous : 481,667,400 (7.79%)","16 Dec 22, 09:29",ROTI
makan $ROTI dtemenin sama neng $INDY dan neng $PANI yang wanginya $HRUM ....rasanya $ENAK sekali...,"14 Dec 22, 20:51",ROTI
"$ASSA dimulai dengan bisnis rental dan logistik salah satu emiten yang memakai jasa logistik assa adalah $ROTI. Assa mulai mengembangkan bisnis barunya di tahun 2019 dengan bisnis anter aja yang memiliki pertumbuhan yang luar biasa. Di akhir tahun 2021 anter aja sudah bisa membukukan keuntungan dengan 1 juta parcel per day. Di awal tahun 2022 kembali Anter aja menghasilkan keuntungan. Sehingga anter aja dalam hanya waktu 2 tahun sudah mencapai market share express delivery no 3. Baru2 ini Boy Tohir selaku komisaris utama $GOTO pun berinvestasi di anter aja. Perusahaan juga akan mengembangkan bisnis titp aja, cargo sharing, cold chain dll. kedepannya emiten besutan TP Rahmat ini akan melakukan kolaborasi bisnis di bidang logistik dengan

selain anter aja assa memiliki anak usaha atau autopedia dengan bisnis jual beli mobil bekas dan juga lelang mobil. Lelang mobil di dalam aplikasi JBA banyak sekali peminatnya di tahun 2019 sudah 18ribu kendaraan yang berhasil di lelang. Dengan GPM 80 persen bisnis lelang mobil membuat aslc sebagai anak usaha assa menjadi menarik blom lagi dengan ekspansi ke bisnis barunya Caroline. Beli mobil bekas bergaransi.

Mau tau ulasan dari emiten assa? Ayo daftar acara Ngobras kita ( ngobrol asik jadi cuan ) tanggal 15 Desember jam 19.00

Pendaftaran link di bawah","13 Dec 22, 17:47 Â· Edited on 13 Dec 22, 17:48",ROTI
Laporan Bulanan Registrasi Pemegang Efek [ROTI],"9 Dec 22, 09:00",ROTI
"$ROTI 06 Dec 22
Shareholder : Nippon Indosari Corpindo
Type : Local
Bought : +19,900 (0.00%)
Current : 481,667,400 (7.79%)
Previous : 481,647,500 (7.79%)","8 Dec 22, 09:23",ROTI
Roti roti ... Bagusan jualan $ROTI tetap cuan walau yang lain $IHSG kebakaran. ğŸ˜…,"6 Dec 22, 09:42",ROTI
"ğŸŒŸ [ $ROTI REVIEW 02/12/2022] ğŸŒŸ.

ROTI sedang uji resisten di 1300. Kawal, jika >1300 apa potensi lanjut up dengan upside 1350 - 1395. Emiten ini agak tinggi harganya, sehingga less volatile, lebih cocok untuk swin hingga daytrade. Hari ini baru mulai muncul volum. Silahkan dimanfaatkan. mampir ke bio kami ya buat potensi saham yang akan jalan. Semangat tradingnya!

[ ğŸŒŸ INFO SAHAM TERBAIK DI BIO! ğŸŒŸ]

Bagaimana dengan pendapat para stockbitor? yuk komen dibawah!

Dianalisa kembali ya, bukan ajakan membeli, hanya opini.
*Bukan ajakan *disclaimer on *DYOR


godaan setan market telah memakan korban sangkuter
alhamdulilah bertahan >9000.
akan menguji resis 5000

[AKSES REKOM TERBAIK DI BIO!]","2 Dec 22, 13:30",ROTI
Laporan Informasi atau Fakta Material Penjelasan atas Perubahan lebih dari 20% pada total liabilitas pada Lap. Keu. Per 30 September 2022 [ROTI],"1 Dec 22, 12:40",ROTI
"$ROTI chartnya mulai beda nih, gak kayak sideways denyut jantung lageee","24 Nov 22, 22:18",ROTI
$TSPC mestinya dah naek tapi sahamnya masih malu2 sama kayak kelakuan $ROTI...tapi agak mendingan roti ding ada pola swing2 lebarnya hehe,"21 Nov 22, 19:48",ROTI
"@Bokistanley01
walah baru tau kalo ada emiten $ROTI","16 Nov 22, 11:15",ROTI
"random tag
$ENZO $INDF $PANI $PICO $ROTI","13 Nov 22, 17:32",ROTI
kalian terlalu sibuk bahas berak dan cebok sampai lupa kalau kalian belum makan. mari haka $ROTI.,"12 Nov 22, 14:28",ROTI
$ROTI giliran CL dia terbang ğŸ¤£ğŸ˜‚,"8 Nov 22, 11:48",ROTI
$ROTI beli di 1310,"8 Nov 22, 10:44",ROTI
Laporan Informasi atau Fakta Material Dampak Pandemik COVID â€“ 19 [ROTI],"7 Nov 22, 15:20",ROTI
Laporan Bulanan Registrasi Pemegang Efek [ROTI],"7 Nov 22, 09:30",ROTI
"$ROTI murah nih, pe cuma 15x vs history 30x, record profit lagi","3 Nov 22, 19:05",ROTI
Penyampaian Laporan Keuangan Interim (KOREKSI) [ROTI],"3 Nov 22, 17:20",ROTI
"$ROTI tadi merhatiin ROTI, ketrigger indikator mau buy eh tiba2 1300 jd gak done

close 1255

hampura, gak lagi2 deh merhatiin ROTI, galak bener ğŸ™ğŸ™ğŸ™","2 Nov 22, 17:55",ROTI
"$ROTI 27 Oct 22
Shareholder : Nippon Indosari Corpindo
Type : Local
Bought : +179,200 (+0.01%)
Current : 481,647,500 (7.79%)
Previous : 481,468,300 (7.78%)","31 Oct 22, 09:27",ROTI
"KINERJA EMITEN 9M22

$MLBI
PENDAPATAN Rp2,118.9 miliar (9M22) vs. Rp1,672.4 miliar (9M21)
LABA BERSIH* Rp606.6 miliar (9M22) vs. Rp412.4 miliar (9M21)

$NELY
PENDAPATAN Rp204.5 miliar (9M22) vs. Rp143.7 miliar (9M21)
LABA BERSIH* Rp75.6 miliar (9M22) vs. Rp35.0 miliar (9M21)


PENDAPATAN US$197.9 juta (9M22) vs. US$142.7 juta (9M21)
LABA BERSIH* US$7.5 juta (9M22) vs. US$4.8 juta (9M21)


PENDAPATAN Rp2,862.2 miliar (9M22) vs. Rp2,434.6 miliar (9M21)
LABA BERSIH* Rp263.0 miliar (9M22) vs. Rp209.7 miliar (9M21)


PENDAPATAN Rp2,613.8 miliar (9M22) vs. Rp2,776.4 miliar (9M21)
LABA BERSIH* Rp720.4 miliar (9M22) vs. Rp865.5 miliar (9M21)

*Laba bersih yang diatribusikan kepada pemilik entitas induk
Sumber: Emiten,","30 Oct 22, 21:38",ROTI
Bagaimana ceritanya ini $ROTI,"30 Oct 22, 09:38",ROTI
"$ROTI 26 Oct 22
Shareholder : Nippon Indosari Corpindo
Type : Local
Bought : +124,400 (0.00%)
Current : 481,468,300 (7.78%)
Previous : 481,343,900 (7.78%)","28 Oct 22, 09:15",ROTI
"$ROTI emiten dengan management amburadul,saya sebagai mitra agen berhenti jadi mitra dan sampai 7 bulan uang deposit belum dikembalikan,,inikah caramu wahai management","27 Oct 22, 13:56",ROTI
"[BERITA ROTI 26 OKTOBER 2022]

Info Saham Terbaik Link Di Bio! ğŸ’°

LABA BERHASIL MENINGKATâ—ï¸

PT Nippon Indosari Corpindo Tbk. ($ROTI) sebagai produsen roti dengan brand sari roti sepanjang sembilan bulan pertama tahun 2022 membukukan laba periode berjalan yang dapat diatribusikan kepada Pemilik entitas induk sebesar Rp262,95 miliar terus mengembang 25,4 persen dibandingkan periode sama tahun lalu Rp209,74 miliar.

Capaian ini memungkinkan karena terapan strategi penambahan kapasitas produksi serta perluasan sebaran distribusi yang terbukti sangat akurat. Kemampuan untuk menerapkan strategi harga jual yang tepat juga berdampak positif pada volume permintaan produk roti yang terus meningkat, hingga Perseroan berhasil mencatat Penjualan 9M/2022 sebesar Rp2.862,2 miliar atau setara peningkatan 17,6% YoY.

Perseroan telah mengoperasikan 4 pabrik baru dalam 5 (lima) tahun terakhir yang berlokasi di Batam, Gresik, Balikpapan dan Banjarmasin sehingga total kapasitas produksi menjadi 5,1 juta potong roti per hari serta memperkuat jaring distribusi ke seluruh Indonesia.

â€œHasilnya langsung dirasakan dengan pertumbuhan signifikan Penjualan dari Wilayah Barat dan Timur yang secara total mencapai 20,5%. Sedangkan Wilayah Tengah, sebagai kontributor Penjualan terbesar, hingga 9M/2022 tetap mampu membukukan peningkatan sebesar 15,3%,â€ ujar Ibu Arlina Sofia, Direktur Perseroan.

Kinerja cemerlang 9M/2022 juga didukung oleh peningkatan efisiensi produksi yang tercermin pada Marjin Laba Kotor yang mampu dipertahankan pada kisaran 51,7% ditengah lonjakan harga-harga bahan baku. Perseroan juga senantiasa meningkatkan produktifitas operasional hingga mampu meraih Marjin Bersih 9M/2022 sebesar 9,2% atau melonjak dari hanya 8,6% pada periode yang sama tahun lalu.


Sebagaimana tercatat dalam Laporan Keuangan 9M/2022 Perseroan telah merealisasikan Belanja Modal sebesar Rp138,8 miliar, atau penyerapan 92,5% dari total Rp150 miliar yang dianggarkan tahun ini. â€œBelanja modal adalah salah satu bentuk komitmen Perseroan untuk memastikan ketersediaan kapasitas produksi di kemudian hari demi menjamin pertumbuhan usaha yang berkelanjutan.â€ tutup Ibu Ida Apulia Simatupang, Direktur Perseroan.

Total aset perseroan per 30 September 2022 tercatat senilai Rp4,17 triliun atau turun tipis dari periode akhir tahun 2021 senilai Rp4,19 triliun. Hal itu karena ekuitas pROTI menyusut jadi Rp2,51 triliun dari Rp2,84 triliun. Adapun posisi liabilitasnya mengalami kenaikan jadi Rp1,66 triliun dari sebelumnya Rp1,34 triliun.

Adapun posisi kas neto yang diperoleh dari aktivitas operasi terkumpul senilai Rp496,00 miliar atau turun tipis dari periode September 2021 dibukukan Rp506,22 miliar.

[INFO SAHAM TERBAIK LINK DI BIO]

Analisa kembali, bukan ajakan membeli dan hanya opini disc on","27 Oct 22, 07:00",ROTI
$ROTI,"27 Oct 22, 06:45",ROTI
"Laba Bersih Sari Roti Mengembang 25% Jadi Rp 263 Miliar, Ini Alasannya
Produsen makanan merek Sari Roti, PT Nippon Indosari Corpindo Tbk (ROTI) membukukan laba bersih Rp 263 miliar pada kuartal III 2022, atau meningkat 25,4% dari raihan untung bersih periode yang sama tahun lalu, Rp 209,73 miliar.Dalam keterbukaan informasi yang dirilis Rabu (26/10),  kontribusi utama...","27 Oct 22, 00:25",ROTI
"$ROTI 25 Oct 22
Shareholder : Nippon Indosari Corpindo
Type : Local
Bought : +200,000 (0.00%)
Current : 481,343,900 (7.78%)
Previous : 481,143,900 (7.78%)","26 Oct 22, 19:17",ROTI
"Sari Roti (ROTI) Bungkus Laba Kuartal III-2022 Naik 25 Persen Jadi Rp262,9 Miliar
EmitenNews.comâ€”â€“ PT Nippon Indosari Corpindo Tbk. (ROTI) sebagai produsen roti dengan brand sari roti sepanjang sembilan bulan pertama tahun 2022 membukukan laba periode berjalan yang dapat diatribusikan kepada Pemilik entitas induk sebesar Rp262,95 miliar terus mengembang 25,4 persen dibandingk...","26 Oct 22, 14:10",ROTI
$ROTI good result ğŸ‘,"26 Oct 22, 13:26",ROTI
"Kinclong! Laba Bersih Sari Roti Meroket Drastis Jadi Rp263 Miliar Gara-Gara Ini
Warta Ekonomi, Jakarta -
Produsen Sari Roti, yakni PT Nippon Indosari Corpindo Tbk (ROTI) membukukan pertumbuhan kinerja keuangan yang positif. Laba bersih Sari Roti meroket hingga 25,4% yoy menjadi Rp263 miliar pada sembilan bulan pertama tahun 2022.


Direktur ROTI, Arlina Sofia, mengungkapkan ba...","26 Oct 22, 13:26",ROTI
"Enhanced production and distribution, ROTI saw 25.4% profit growth
ROTI - PT. Nippon Indosari Corpindo Tbk Rp 1.250 +20 (+1,60%) More Info! JAKARTA. PT Nippon Indosari Corpindo Tbk (ROTI), the owner of Sari Roti brand, posted a net profit of IDR 263 billion at the end of September (9M) 2022. It was 25.4% higher than the gains recorded in the same period last ...","26 Oct 22, 12:55",ROTI
"News Update
ğŸ‘‰ Sesi I IHSG ditutup merah, Turun 0,08% ke posisi 7,042
ğŸ‘‰ Ada 37 manajemen Investasi masuk dalam pengawasan OJK.
ğŸ‘‰ Ada rumor mengatakan Astra International akan menjual bisnis asuransinya (Astra Life)
ğŸ‘‰ $CLEO meraih Laba bersih Rp 150,94M, naik 10% secara yoy.
ğŸ‘‰ $ROTI meraih Laba bersih Rp 263M pada kuartal III/2022, Naik 25,4% secara yoy.
ğŸ‘‰ $TLKM jalin kolaborasi dengan Bank Sumut perkuat ekosistem digital disektor pertanian.
ğŸ‘‰ Penjualan jamu lesu, catatkan laba bersih Rp 720,44M pada kuartal III/2022, turun 16,7% secara yoy.
ğŸ‘‰ meraih Laba bersih Rp 225,99M pada kuartal III/2022, meroket 316,6% secara yoy.","26 Oct 22, 12:45",ROTI
"Volume Penjualan Naik, Sari ROTI Raup Laba Rp262,95 Miliar
https://bit.ly/147E996, JAKARTA â€” Emiten produsen Sari Roti PT Nippon Indosari Corpindo Tbk. (ROTI) melanjutkan pertumbuhan kinerja sampai akhir kuartal III/2022, seiring dengan meningkatnya kapasitas produksi dan jangkauan distribusi.Berdasarkan laporan keuangan perseroan yang dipublikasi Rabu (26/10/2...","26 Oct 22, 12:41",ROTI
"Laba Bersih Produsen Sari Roti (ROTI) Mengembang 25%
JAKARTA, https://bit.ly/2xtw1Yt - PT Nippon Indosari Corpindo Tbk (ROTI) mencatatkan kinerja cemerlang hingga kuartal III-2022 dengan perolehan laba periode berjalan yang dapat diatribusikan kepada pemilik entitas induk sebesar Rp 263 miliar. Angka itu mengembang 25,4% dibandingkan periode sama tahun lalu.Capa...","26 Oct 22, 11:10",ROTI
"Laporan Informasi atau Fakta Material Laba Bersih ROTI terus mengembang 25,4% YoY [ROTI]","26 Oct 22, 10:40",ROTI
Penyampaian Laporan Keuangan Interim Yang Tidak Diaudit [ROTI],"26 Oct 22, 10:30",ROTI
,,ROTI
$LSIP $BWPT $SSMS $STAA B35 apa kabar $BOSS ?gak jadi yaaa ciee cieee,"16 Dec 22, 11:21",LSIP
"$LSIP bad beaten stock

Salim bisa naikkan saham $DCII sampai multibagger

Tapi sahamnya yang lain seperti LSIP $SIMP.... Terabaikan

Pungut yang terbaikan, berikan pupuk, disiram.
Tunggu tanggal mainnya ğŸ¤£ğŸ¤£ğŸ¤£

Disclaimer:","16 Dec 22, 10:30",LSIP
"$IHSG mantul jala dow jones drop?

$GOTO $LSIP $ACES $BBRI","16 Dec 22, 08:58 Â· Edited on 16 Dec 22, 08:59",LSIP
"ARB itu Berat, biar Bang tjandra ganteng top markotop yg bisa meng ARA kan

$LSIP $NTBK $WEGE","15 Dec 22, 22:13",LSIP
"Skydrugz Radar Dividend: 15 Desember 2022

https://cutt.ly/Y0cl6q6
Disclaimer: http://bit.ly/3bLj4Oc
https://cutt.ly/mBMgSj6
https://bit.ly/3SJLT0W
http://bit.ly/3MhGBr6
https://bit.ly/3LsxlQJ
https://bit.ly/3CJthZl","15 Dec 22, 09:00",LSIP
"JAKARTA, https://cutt.ly/H0xp1zp - Harga kontrak Crude Palm Oil (CPO) di Bursa Malaysia Derivatives berbalik menguat pada perdagangan Selasa (13/12/2022). Setelah mengalami penurunan pada perdagangan Senin (12/12/2022).

Berdasarkan data Bursa Malaysia Derivatives pada penutupan Selasa (13/12/2022), kontrak berjangka CPO untuk pengiriman Desember 2022 stagnan di 3.826 Ringgit Malaysia per ton. Kontrak pengiriman Januari 2023 meningkat 148 Ringgit Malaysia menjadi 3.850 Ringgit Malaysia per ton.

Sementara itu, kontrak pengiriman Februari 2023 terkerek 149 Ringgit Malaysia menjadi 3.886 Ringgit Malaysia per ton. Kontrak pengiriman Maret 2023 menguat 139 Ringgit Malaysia menjadi 3.903 Ringgit Malaysia per ton.

Serta, kontrak pengiriman April 2023 bertambah 137 Ringgit Malaysia menjadi 3.904 Ringgit Malaysia per ton. Kontrak pengiriman Mei 2023 terdongkrak 120 Ringgit Malaysia menjadi 3.898 Ringgit Malaysia per ton.

Research & Development ICDX Girta Yoga mengatakan, sepekan ke depan, harga CPO akan bergantung pada indikator pasar yang akan dirilis. Indikator yang dipantau antara lain rilisnya data ekspor CPO Malaysia untuk paruh pertama Desember, perkembangan situasi di Indonesia terkait kebijakan ekspor CPO, situasi di negara importir utama dan situasi di pasar minyak nabati.

$

Baca selengkapnya di :","14 Dec 22, 22:53",LSIP
"the best CPO stocks sptnya $DSNG ?

$LSIP $AALI $TBLA $CSRA kalah pertumbuhan EPS nya yahğŸ§

ğŸŒ´ğŸŒ´ğŸŒ´

nyesel di 480-500 gak ambil mesti sempat analisa ğŸ˜¥","14 Dec 22, 21:21 Â· Edited on 14 Dec 22, 21:21",LSIP
"@bamzat gan emiten cpo gimana prospek nya? Tolong dibully sepi pengunjung soalnya ğŸ¤£ğŸ¤£

Yg jago memekkan ditunggu kreasi nya

$TAPG $AALI $LSIP $CSRA $GZCO","14 Dec 22, 20:09",LSIP
"@joshtan asikk dagangku ada yg minat

$AALI $LSIP $tpag $ELSA $SMDR","14 Dec 22, 13:05",LSIP
$SGRO $SMAR $LSIP Saham CPO andalanque.,"14 Dec 22, 09:40",LSIP
$AALI $LSIP â˜¢ï¸ğŸ”¥â˜¢ï¸ğŸ”¥,"14 Dec 22, 09:01",LSIP
"$LSIP
https://cutt.ly/o0krj6w","14 Dec 22, 01:45",LSIP
"@wahyuistianto masih, saya jual minyak 32rb ampe 38rb. sunco 38 sd 40rb. $LSIP $AALI $ADMR $BSSR $GOTO","13 Dec 22, 22:10",LSIP
"panggilan RUPSLB $TBLA

apakah akan berefek ke harga saham emiten itu?

bagaimana rekam jejak emiten yg ngelakuin RI dengan harga pelaksanaan yg lebih rendah drpd harga sahamnya?

random tag: $SIMP $LSIP $BUDI $SMAR","13 Dec 22, 11:54 Â· Edited on 13 Dec 22, 11:56",LSIP
$LSIP,"13 Dec 22, 09:42",LSIP
"Yugen: IHSG Menguat Terbatas, BBCA Hingga LSIP Masuk Daftar Saham Jagoan
JAKARTA, Yugen Bertumbuh Sekuritas memprediksi IHSG menguat terbatas pada perdagangan Selasa (13/12/2022). IHSG hari ini diperkirakan akan diperdagangkan pada rentang 6.676 â€“ 6.834. BBCA hingga LSIP masuk daftar saham jagoan.Yugen Bertumbuh Sekuritas menjelaskan, pergerakan IHSG saat ini menunjukk...","13 Dec 22, 06:10",LSIP
"@siahmad larang impor produk hasil deforestasi ğŸ¤£ğŸ¤£ğŸ¤£
Eropa jokes melulu.
Indonesia stop ekspor nikel, Eropa ngambek.
Emangnya itu $ANTM $INCO buka lahan nikel ndak lakukan deforestasi seperti $AALI $LSIP $TAPG buka lahan CPO?
Jokes banget Eropa.
Pantesan aja @antotyas marah - marah sama Eropa. ğŸ¤£ğŸ¤£ğŸ¤£","13 Dec 22, 05:40",LSIP
"$ACES Menjelang pubex ACES beberapa hari lagi, wildanisme terhadap emiten ini mulai ramai kembali. Terus terang saya ndak habis pikir, setiap hari menganalisa kekurangan emiten kemudian posting di stream emang apa nilai tambah yg didapatkan?apa ndak mending tenaga dan waktunya digunakan untuk analisa emiten mana yg potensial dan share ke user @Stockbit biar sama-sama cuan. Menebar manfaat bukan mudharat.

Apakah motifnya untuk mencegah investor agar tidak nyangkut di emiten yg sedang mengalami penurunan kinerja?? Well masalahnya banyak juga investor yg strateginya mencari emiten yg berpotensi turn around bahkn menangkap pisau jatuh. Kan ndak mungkin masuk ke emiten yg sedang bertumbuh klo strateginya memang seperti ini ğŸ¤”

random tag :","12 Dec 22, 19:50",LSIP
"$LSIP BENSA alias bensin sawit
https://cutt.ly/C0stadB
https://cutt.ly/U0stagT","12 Dec 22, 09:53",LSIP
$AALI $ANJT $LSIP $SMAR $SGRO dan saham2 sawit lainnyağŸ˜Œ,"10 Dec 22, 11:53",LSIP
otw ke 900an kt $LSIP,"10 Dec 22, 05:11",LSIP
$LSIP turun sini dlu diskon akhir taon dong,"9 Dec 22, 16:50",LSIP
Laporan Bulanan Registrasi Pemegang Efek [LSIP],"9 Dec 22, 16:40",LSIP
"wake me up when december end ğŸµ



$ELSA $LSIP pancen ASUU eh $ASII ğŸ˜‚ğŸ˜‚ğŸ˜‚","9 Dec 22, 15:09 Â· Edited on 9 Dec 22, 15:11",LSIP
"Disclaimer nya kakek Terry Smith yg paling keren :

""Jika anda percaya analisa saya, dan membeli saham saya, maka itu adalah masalah anda""

$AMRT $SMDR $LSIP $PRDA $ULTJ","9 Dec 22, 10:29",LSIP
"$LSIP
Halo, Salam Kenal Teman temanğŸ™ğŸ»
Prediksi Saya tentang harga saham emiten ini
-
Jangan lupa untuk Follow akun ini untuk mendapatkan Update prediksi saham
Dan berikan TIPğŸ’° pada postingan saya
Terimakasih ğŸ¥°
-
*Disclaimer On","9 Dec 22, 09:10",LSIP
"@KorneliusNelson Iya bnyk jg yg kyk gini nih.. Lebih milih anak usahanya $LSIP, jadi induk usahanya $SIMP kurang peminat. Mirip"" BMTR $MNCN dan $INDF $ICBP","9 Dec 22, 07:19",LSIP
"$NANO

supir tua sudah ksh statement,

jangan nyesel, Rp 12 Rp 14 menanti,

dan sleeping beauty selama mungkin,

banyak emiten yg waras dan bener-bener pelaku bisnis yg jujur



yang masih murah dan bener2 teruji.","8 Dec 22, 22:47",LSIP
"$WMUU

siap2, pemilik masih akan buang ke retail ratusan M ke Retail dan pasar,

karena background sesungguhnya pemilik bukan pebisnis

Rp 50 menanti,

cari emiten yg waras, cut loss bukan memalukan

ada ,
yang masih bagus2 dan bener2 pelaku bisnis yg jujur.","8 Dec 22, 22:43",LSIP
"Sama kayak saya kayaknya masuk nya pas sebelum bagi dividen ya. Apa ndak pernah average down sama sekali om? Sebenarnya saya masih bisa jual $ACES di 750 an sama $ANJT di 760 an. Tapi habis gitu masuk $ACES lagi dan pindah $LSIP tapi sama aja minus ğŸ˜‚

Enak di harga sekarang lebih ringan kalo mau average down.","8 Dec 22, 22:00",LSIP
"@ArtemKarlenko saya jujur kurang suka $SIMP karena pelit dividen, mending anaknya aja $LSIP","8 Dec 22, 21:27",LSIP
"$LSIP ......sekitaran area supot ada rijeksien doji
mantap nihhh
beli trus cuan
klo gak cuan brti bandar ngelawan analisa gw
wkwkwkwkwkwkwkwkkkkkwkwkwkwkkkk","8 Dec 22, 20:34",LSIP
tembus 850 ga bang kira2 si $LSIP?,"8 Dec 22, 14:32",LSIP
"Yg paham harga ""diskon"" itu cuma kaum fundamentalis aja, kaum teknikalis sama bandarmologers kayanya ngga deh.. Hehe

Serok: $ASII $TLKM $BBCA $LSIP $PRDA","8 Dec 22, 11:05",LSIP
$LSIP approaching 1.000 angka psikopat sama support panah biru beberapa tahun terakhir. sementara bulan Desember ini Futures $CPO -5.62% di detik gue ngepost. ada yang mau angkut buat investasi tahun depan? $AALI $IHSG,"8 Dec 22, 10:32",LSIP
"potensi menguat ğŸ¤£ğŸ¤£ğŸ¤£

$IHSG -1.07%
itu masih menguat sih YTD, 1Y, 3Y, 5Y juga jika dibandingkan 10 thn yang lalu

$LSIP $BBRI","7 Dec 22, 21:06 Â· Edited on 7 Dec 22, 21:06",LSIP
"$JARR

Mode akum


DYOR !
Disclaimer on !


Random tag :","7 Dec 22, 09:48",LSIP
"besok pasang jaring lagi

$BBTN $SCMA $LSIP $BBCA lagiğŸ˜‰

$JSMR sudah < 3000 lho","6 Dec 22, 23:25",LSIP
ternyata cuma kurang panjang saja waktu nya.. hari ini $LSIP tutup 1045,"6 Dec 22, 21:18",LSIP
"$SCMA antri 212 dikasih lho, parah iniğŸ˜®

$LSIP antri 1055 dikasih semua ğŸŒ´

$BBCA antri 8550 gak dapatğŸ¤¡

besok mesti urus SCMA deh. ğŸ§","6 Dec 22, 16:00",LSIP
,,LSIP
Laporan Bulanan Registrasi Pemegang Efek [TLDN],"6 Dec 22, 16:10",TLDN
"Teladan Prima Agro Ganti Lahan Pembangunan Pembangkit Biogas
JAKARTA, PT Teladan Prima Agro Tbk (TLDN) mengganti laham pembangunan pembangkit listrik tenaga biogas (biogas power plant) yang akan digarap anak perusahaan yaitu PT Daya Lestari. Pembangkit itu akan dibangun di lahan anak usaha PT Telen Prima Sawit (TPS), Kabupaten Kutai Timur, Kalimantan Timur da...","6 Dec 22, 01:10",TLDN
"ada yang lagi akumulasi sepertinya.

$YELO
$TLDN
$ARCI
$ATIC

save heaven bro","5 Dec 22, 11:33",TLDN
Laporan Informasi atau Fakta Material Laporan Informasi atau Fakta Material Perihal PErubahan Rencana Pembangunan Pembangkit Listrik Tenaga Biogas PErusahaan Anak PT Teladan Prima Agro Tbk [TLDN],"5 Dec 22, 10:40",TLDN
"$TLDN udah 7x bulan purnama, harganya cuman stuck di harga IPO doang ğŸ˜…ğŸ¤¡","2 Dec 22, 10:14 Â· Edited on 2 Dec 22, 10:14",TLDN
"lagi nunggu limpahan 2T dari $GOTO yang Cl berjamaah.
$ATIC
$ARCI
$TLDN
$YELO

lagi pada tidur nih... ayo bangunkan pantesan sepi..
ambil hikmahnya.","2 Dec 22, 08:08",TLDN
$TLDN ini seperti orang koma.,"1 Dec 22, 20:30",TLDN
"Yang mau ikut akum ngekor bandar..
buy aja cicil dari harga skrg 125-130



$MKTR 2022-11-17 s/d 2022-11-30

Total Volume : 3.935.337 Lot
Net Volume : 1.171.504 Lot
Net Vol Rasio : 3,36
Average : 130,1

Net MM : 313.526 Lot (4,1 M)
Net Ritel : -430.181 Lot (-5,6 M)

Net Buyer : 22 Broker
Net Seller : 42 Broker

Keterangan MM : Akumulasi Besar
Keterangan Ritel : Penjualan Kuat","1 Dec 22, 11:42",TLDN
"Dunia digital, emas,pangan adalah momentum di saat menghadapi resesi...
tapi apakah berlaku untuk bandar?
kita tunggu saja....

$YELO
$TLDN
$ATIC
$ARCI

kemana melangkah pergi... setinggi apakah....","29 Nov 22, 09:12",TLDN
"Laporan Informasi atau Fakta Material Penyampaian Press Release Laba Bersih TLDN Tumbuh 108,5% yoy Hingga Kuartal III/2022, Lampaui Capaian Tahun Buku 2021 [TLDN]","28 Nov 22, 12:00",TLDN
"Teladan Prima Agro (TLDN) Catat Laba Kuartal III Naik 108 Persen Jadi Rp560 Miliar
EmitenNews.comâ€”PT Teladan Prima Agro Tbk (TLDN) melaporkan realisasi laba bersih hingga akhir kuartal III 2022 mencapai Rp560,47 miliar atau tumbuh 108,5 persen dibandingkan periode yang sama pada tahun sebelumnya sebesar Rp268,78 miliar.

Adapun pencapaian laba bersih tersebut berasal dari total ...","28 Nov 22, 10:10",TLDN
"CPO Bikin Laba Bersih Teladan Prima Agro (TLDN) Terbang 108,5%
JAKARTA, Emiten perkebunan kelapa sawit, PT Teladan Prima Agro Tbk (TLDN) mencatatkan lonjakan laba bersih sebesar 108,5% menjadi Rp 560,46 miliar hingga kuartal III-2022 dibandingkan periode yang sama tahun lalu Rp 268,77 miliar.Laba bersih tersebut bahkan melampaui capaian setahun penuh pada 2021 ...","27 Nov 22, 14:55",TLDN
"Laba Bersih Teladan Prima Agro (TLDN) Meroket 108,52 Persen Kuartal III/2022
Emiten perkebunan PT Teladan Prima Agro Tbk. (TLDN) mencatatkan lonjakan laba bersih pada kuartal III/2022.Berdasarkan laporan keuangan perusahaan pada Sabtu (26/11/2022), TLDN membukukan laba periode berjalan yang dapat diatribusikan ke pemilik entitas induk atau bersih senilai Rp560,46 miliar pad...","26 Nov 22, 15:25",TLDN
"KINERJA EMITEN 9M22

$TOBA
PENDAPATAN US$469.1 juta (9M22) vs. US$286.8 juta (9M21)
LABA BERSIH* US$54.8 juta (9M22) vs. US$34.2 juta (9M21)

$BSSR
PENDAPATAN US$723.4 juta (9M22) vs. US$433.5 juta (9M21)
LABA BERSIH* US$197.6 juta (9M22) vs. US$103.8 juta (9M21)


PENDAPATAN US$49.6 juta (9M22) vs. US$43.3 juta (9M21)
LABA BERSIH* US$35.0 juta (9M22) vs. US$0.6 juta (9M21)


PENDAPATAN Rp2,467.7 miliar (9M22) vs. Rp2,042.1 miliar (9M21)
LABA BERSIH* Rp560.5 miliar (9M22) vs. Rp268.8 miliar (9M21)


PENDAPATAN Rp844.1 miliar (9M22) vs. Rp545.5 miliar (9M21)
LABA BERSIH* Rp50.8 miliar (9M22) vs. Rp44.9 miliar (9M21)

*Laba bersih yang diatribusikan kepada pemilik entitas induk
Sumber: Emiten,","26 Nov 22, 13:32",TLDN
"Berikut rangkuman untuk update laporan keuangan Q3 Tahun 2022 yang keluar pada tanggal
25 November 2022

- Data dalam milyaran rupiah
- Sort berdasarkan ROE tertinggi
- Data sudah update untuk Laporan Keuangan Q3 adalah 529 Emiten dari 820 Emiten

Cara untuk mendapatkan data lebih lengkap silahkan chat.","26 Nov 22, 07:23",TLDN
Penyampaian Laporan Keuangan Interim Yang Tidak Diaudit [TLDN],"25 Nov 22, 20:10",TLDN
"$TLDN

mati suriğŸ˜­ğŸ˜­ğŸ˜­ğŸ˜­","25 Nov 22, 10:19",TLDN
Laporan Informasi atau Fakta Material Perubahan atas struktur dan ketentuan Program Kepemilikan Saham kepada Manajemen dan Karyawan (MESOP) [TLDN],"16 Nov 22, 17:00",TLDN
"Jangan terlalu mengikuti arus yang deras bisa tenggelam kalau ga ada pelampung.
masih ada peluang yang mengalir tapi pasti.

$UVCR. $TLDN $YELO $ATIC $ARCI","14 Nov 22, 11:31",TLDN
Laporan Bulanan Registrasi Pemegang Efek [TLDN],"10 Nov 22, 17:50",TLDN
Perubahan Corporate Secretary [TLDN],"10 Nov 22, 13:10",TLDN
$TLDN,"24 Oct 22, 11:48",TLDN
"Menthobi Karyatama Raya (MKTR) IPO Galang Dana Rp375 Miliar, Cek Penggunaan Dana
.
Baca selengkapnya: https://cutt.ly/WBOyrq3
.
$MKTR $STAA $SSMS $TAPG $TLDN","15 Oct 22, 05:40 Â· Edited on 15 Oct 22, 05:41",TLDN
Laporan Bulanan Registrasi Pemegang Efek [TLDN],"10 Oct 22, 15:40",TLDN
$TLDN hit,"3 Oct 22, 10:13",TLDN
"$IHSG misalnya pasar saham global gk rebound. ihsg bisa bikin support baru di 6900an. Tetap jaga cash ketat. Cuan langsung tp yg merah jgn takut cutloss
$IMAS
$ANTM
$GOTO
$TLDN","28 Sep 22, 15:20",TLDN
$TLDN,"20 Sep 22, 11:14",TLDN
"Okey Hoper
Daripada saya balas komen satu persatu
Saya post penjelasan Algoritma post yang sudah di hapus tadi.

1. Rumus itu berlaku di semua saham sangat aktif, saham aktif dan saham kurang aktif
2. Kecepatan ARB dan reboundnya mengikuti tingkat ke-aktifan saham2 itu. Makin aktif suatu saham makin intens proses ARB dan Reboundnya.
3. Selama ada transaksi harian walaupun slow dan volume Lot kecil saham itu PASTI rebound. Jadi jangan khawatir. Kesabaran penting dalam menghadapi situasi ini.
4. Fundamental saham baik dan sektor bisnisnya produktif.
5. Batas ARB maksimal saham produktif adalah 4 X atau plus minus 28 %
6. ARB 4 X ini Lotnya cukup untuk membawa 2 X ARA ( 70 % )
Remember : No ARB No ARA !!
Tanpa ARB maka takkan ada ARA

Dalam value investing semua ini tidak perlu dipikirkan, cukup beli saham kriteria fundamental baik dan sektor bisnisnya produktif. Sudah aman. Biarkan saja
Perhitungan ARB / ARA ini berlaku untuk Swing.

Yakin pasti rebound ?
100 % pasti
Cepat lambatnya tergantung kriteria di atas.
Daripada CL dan kembali salah membeli saham menunggu rebound adalah tindakan yang lebih produktif karena rebound memberikan gain lebih besar apalagi mampu melakukan AVD dan memperkecil Gap Loss.","10 Sep 22, 19:50 Â· Edited on 10 Sep 22, 20:07",TLDN
Laporan Bulanan Registrasi Pemegang Efek [TLDN],"8 Sep 22, 18:20",TLDN
"Repost

Apakah deretan angka2 AVG pada semua level harga di BUMi sejak harga 218 kemarin sampai 196 hari ini yang jumlahnya puluhan juta lot dengan nilai trilyunan rupiah akan mereka simpan sebagai jimat atau koleksi barang antik ? ğŸ˜€ğŸ˜€ğŸ˜›ğŸ˜›ğŸ¤­ğŸ¤­

Tentu saja tidak wahai pengabdi CL

Lot2 itu akan dipakai sebagai ""bahan bakar"" untuk proses uptrend dan akan dijual kembali dengan harga lebih tinggi ( plus 3-8 % ) dari harga modalnya.

Tanpa siklus ini dan kita berharap harga saham terus naik & MM ga boleh TP dan melakukan REproses uptrend ?? Refresh you brain please ğŸ˜›

Sampai sini belum paham juga ?
Yuk sini yuk main congklak aja ğŸ’ƒğŸ’ƒğŸ’ƒ","8 Sep 22, 10:30",TLDN
Haka $TLDN,"28 Aug 22, 20:51",TLDN
"Saham2 yang layak jadi kuda hitam
dari sekarang & masa depan :

$KRAS $MEDC $ELSA $TLDN
$PSSI ELPI HATM JARR MARK MORA
TAPG

WL priority","28 Aug 22, 20:46 Â· Edited on 28 Aug 22, 23:35",TLDN
"$TLDN siap panen guyssssâ€¦ ayo ndarr ditunggu jurus nyaaaa

Tag random $INDY $BUMI $AALI","24 Aug 22, 11:47",TLDN
$TLDN masih sepi ni B40 blm masuk?,"24 Aug 22, 09:36",TLDN
$TLDN ternyata sepi baru masuk 580,"23 Aug 22, 15:27",TLDN
"$TLDN Kembangkan Industri Dengan POSCO International Corp

Teladan Prima Agro telah menandatangani MoU dengan perusahaan asal Korea Selatan, POSCO International Corporation, untuk mengembangkan industri downstream sawit dengan pembangunan pabrik penyulingan minyak kelapa sawit.

Simak Stockbit Snips selengkapnya di sini:
https://bit.ly/3pswKEn","19 Aug 22, 18:26",TLDN
"$TLDN wah baru lihat lagi ini emiten , udah liquid aja ğŸ¤­ palngnya besar besar lagi","19 Aug 22, 15:25",TLDN
"Teladan Prima Agro to join Posco in downstream palm business
TLDN - PT. Teladan Prima Agro Tbk Rp 600 -5 (-0,83%) More Info! JAKARTA. PT Teladan Prima Agro Tbk (TLDN) has signed a Memorandum of Understanding (MoU) alongside Posco International Corporation (PIC) in regard to the establishment of the downstream palm oil business. By signing this MoU, TLDN...","19 Aug 22, 10:40",TLDN
"News Update
ğŸ‘‰ Wall Street naik di topang menguatnya saham Teknologi AS.
ğŸ‘‰ Permintaan pembiayaan baru korporasi meningkatkan di Juli 2022, kredit perbankan Pada kuartal III bakal bertumbuh l.
ğŸ‘‰ Ekspor pada 2021 capai USD 2,5M, industri furniture Bisa semakin berkembang seiring pemulihan ekonomi.
ğŸ‘‰ $CMNP cetak Laba bersih Rp 465,83M pada semester I/2022, naik 41,7% secara yoy.
ğŸ‘‰ Perkuat Modal, $BGTG tawarkan 7,5 Miliar saham baru bernominal Rp 100/saham.
ğŸ‘‰ gandeng POSCO International Corporation bangun pabrik hilirisasi Minyak sawit.
ğŸ‘‰ menguras Kas sebesar Rp 248M untuk beroperasi di semester I 2022
ğŸ‘‰ Bahan Bakar naik, catatkan laba bersih Rp 291,54M di semester I/2022, Turun 50,3% YoY.","19 Aug 22, 09:43",TLDN
"Kembangkan Industri Pengolahan Minyak Sawit, TLDN dan Posco Berkolaborasi
Kelapa sawit. https://bit.ly/3wJ2upU. https://bit.ly/2fel7Aq - PT Teladan Prima Agro Tbk (TLDN) telah menandatangani Nota Kesepahaman atau Memorandum of Understanding (MoU) dengan POSCO INTERNATIONAL Corporation (PIC). Penandatanganan berlangsung di Kantor Pusat TLDN, di Beltway Office Park, Jakarta pada Kamis (18/8/...","19 Aug 22, 06:25",TLDN
,,TLDN
"Om @skydrugz27 yang ganteng,

Mau nanya kalau boleh, $SIMP itu kan perusahaan yang bergerak dibidang produsen minyak dan lemak nabati serta produk turunannya yang terintegrasi secara vertikal, kok bisa punya 2 anak perusahaan yang bergerak dibidang investasi yang terletak di Mauritius dan British Virgin Island itu kira2 penjelasannya apa om?

Karena 2 perusahaan di tax haven countries itu tidak sesuai dengan kegiatan perusahaan di akte pendiriannya.

#Seriusnanya

1. Silveron Investments Limited - Perusahaan Investasi - Mauritius
2. Asian Synergies Limited - Perusahaan Investasi, anak perusahaan SIL - British Virgin Island","16 Dec 22, 12:10",SIMP
"$SIMP Bandar sedang nyerok nih, mumpung masih diskon 60%","16 Dec 22, 11:15",SIMP
"$LSIP bad beaten stock

Salim bisa naikkan saham $DCII sampai multibagger

Tapi sahamnya yang lain seperti LSIP $SIMP.... Terabaikan

Pungut yang terbaikan, berikan pupuk, disiram.
Tunggu tanggal mainnya ğŸ¤£ğŸ¤£ğŸ¤£

Disclaimer:","16 Dec 22, 10:30",SIMP
$SIMP bisa ke sini kalau laporan keuangan kuartal 1 2023 nya cantik.,"15 Dec 22, 18:26",SIMP
$SIMP malah enak bisa nambah modal terus selama dia sideways ato turun,"15 Dec 22, 12:13",SIMP
$SIMP,"15 Dec 22, 10:29",SIMP
$SIMP Stockbit ini yg error @Stockbit orderbook kosong semua ğŸ˜ª,"14 Dec 22, 15:04",SIMP
"$SIMP entah setaun, dua tahun, 5 tahun bakal kesini juga. Emg barang diskon di saham itu jarang yg mau, NAV 1300, BV 1000. Mau dibawa sideway seberapa lama pun sy kuat.","14 Dec 22, 15:02",SIMP
$SIMP kok kosong semua nih,"14 Dec 22, 14:54",SIMP
$SIMP,"13 Dec 22, 12:10",SIMP
"panggilan RUPSLB $TBLA

apakah akan berefek ke harga saham emiten itu?

bagaimana rekam jejak emiten yg ngelakuin RI dengan harga pelaksanaan yg lebih rendah drpd harga sahamnya?

random tag: $SIMP $LSIP $BUDI $SMAR","13 Dec 22, 11:54 Â· Edited on 13 Dec 22, 11:56",SIMP
"Dibawah tahun 2020, omset terbesar dari SIMP adalah CPO. Namun 2020 ke atas, Omset dari minyak goreng margarine dkk sudah merupakan kontribusi omset terbesar. Mari melihat keajaiban $SIMP di 2023.","13 Dec 22, 11:36",SIMP
$SIMP,"13 Dec 22, 10:38",SIMP
"Karena wibu tidak suka sama user yang $SIMP
ğŸ¤£ğŸ¤£ğŸ¤£","11 Dec 22, 10:17",SIMP
Laporan Bulanan Registrasi Pemegang Efek [SIMP],"9 Dec 22, 16:40",SIMP
"$IHSG membosankan, daripada manyun melototin running trade yang bikin ngantuk mending nonton First Love lagi aja ah.

FYI ini sudah kali kedua saya nonton ulang serial FL ini, dan tetap saja saya sangat menyukainya, ceritanya bagus banget, menyentuh hati, tidak membosankan, banyak kejutan, dan tiap potongan film berhubungan dengan potongan lain sehingga kalau dirangkai menjadi sebuah cerita besar yang utuh.

Menurut saya ini adalah serial drama jepang terbaik so far.

Kalian juga harus menontonnya.

Random tag","9 Dec 22, 13:43",SIMP
"berdasarkan chart saham,, sektor CPO sekarang yg menjadi saham cyclical

$DSNG $TAPG $ANJT $SIMP $SSMS","9 Dec 22, 09:42",SIMP
$SIMP soalnya tahun depan mau dibawa keatas,"9 Dec 22, 08:05",SIMP
"@KorneliusNelson Iya bnyk jg yg kyk gini nih.. Lebih milih anak usahanya $LSIP, jadi induk usahanya $SIMP kurang peminat. Mirip"" BMTR $MNCN dan $INDF $ICBP","9 Dec 22, 07:19",SIMP
"$SIMP, ini saham fundamental bagus tpi knp harga turun terus ya..??ğŸ˜ˆ","9 Dec 22, 02:54",SIMP
"$NANO

supir tua sudah ksh statement,

jangan nyesel, Rp 12 Rp 14 menanti,

dan sleeping beauty selama mungkin,

banyak emiten yg waras dan bener-bener pelaku bisnis yg jujur



yang masih murah dan bener2 teruji.","8 Dec 22, 22:47",SIMP
"diantara 4 itu gw pilih $SIMP, harga saat ini sangat murah, in the long run ada kemungkinan nyentuh 700 dalam 1-2 tahun ke depan.","8 Dec 22, 22:02",SIMP
"@ArtemKarlenko saya jujur kurang suka $SIMP karena pelit dividen, mending anaknya aja $LSIP","8 Dec 22, 21:27",SIMP
Tag $ULTJ $LTLS $SMDR $BSSR $SIMP,"8 Dec 22, 17:14",SIMP
"@Sabarman Iya bang $SIMP juga bagus nih pny group salim.. Salesnya jg gede 12,34 triliun. Produknya minyak bimoli udh terkenal jg","8 Dec 22, 14:37",SIMP
"sbenernya potensi smua itu.. tapi saya rasa paling tenang kalo taruh duitnya di $SIMP klo d antara 4 itu dgn alasan

bimoli produknya kita dah ga asing
grup indofood,
omzet stabil,
profit membaik,
rajin bagi dividen (3-5% an)
Hutang juga under control
pbv 0,40
per 5","8 Dec 22, 13:58",SIMP
"apakah $SIMP hanya menjual produk minyak goreng dan mentega aja? $SIMP menanam karet, tebu dan teh itu untuk apa ya?","8 Dec 22, 09:43",SIMP
"@EbitRidwan Iya $SIMP salah satu consumer goods yg masih murah dan kinerja lumayan bagus, dibanding $TBLA yg cash flow operatingnya minus 900 milliar dan lbh likuid dibanding $SMAR","7 Dec 22, 19:59 Â· Edited on 7 Dec 22, 19:59",SIMP
"POLL
Kalau kalian ada duit 100 juta nganggur maunya all in di satu saham, kalian bakalan pilih emiten apa nih:

Khusus yg boleh jawab aliran value investing garis keras, fundamental analyst garis keras, Lo Kheng Hong garis keras aja boleh voting.
Yg trader"" plin plan cuma bisa ikut stock pick org lain dan aliran bandar judi gak usah tanggapi postingan saya. Wkwkwkwkwk","7 Dec 22, 16:47",SIMP
"$SIMP
https://bit.ly/3UB5W1J","7 Dec 22, 09:41",SIMP
ok bsok gue beli $SIMP ğŸ‘,"5 Dec 22, 20:04",SIMP
"Melejit 59 Persen, Laba Salim Ivomas (SIMP) Kuartal III-2022 Tembus Rp896,31 Miliar
https://bit.ly/2fel7Aq - Salim Ivomas Pratama (SIMP) per 30 September 2022 mentabulasi laba bersih Rp896,31 miliar. Melejit 59 persen dari edisi sama tahun lalu Rp562,22 miliar. Efeknya, laba per saham dasar menjadi Rp58 dari sebelumnya Rp36. 

Pendapatan dari kontrak dengan pelanggan Rp12,33 triliun, sus...","5 Dec 22, 09:55",SIMP
"Melejit 59 Persen, Laba Salim Ivomas ($SIMP) Kuartal III-2022 Tembus Rp896,31 Miliar

Salim Ivomas Pratama ($SIMP) per 30 September 2022 mentabulasi laba bersih Rp896,31 miliar. Melejit 59 persen dari edisi sama tahun lalu Rp562,22 miliar. Efeknya, laba per saham dasar menjadi Rp58 dari sebelumnya Rp36.

Pendapatan dari kontrak dengan pelanggan Rp12,33 triliun, susut 12 persen dari edisi sama tahun lalu Rp14,12 triliun. Beban pokok penjualan Rp8,99 triliun, merosot 15 persen dari edisi sama tahun lalu Rp10,67 triliun. Laba kotor Rp3,34 triliun, turun 2,90 persen dari edisi sama tahun lalu Rp3,44 triliun.","5 Dec 22, 09:53",SIMP
"[BERITA SIMP 5 DECEMBER 2022]

INFO SAHAM TERBAIK LINK DI BIO YA! ğŸ‘ˆ

SIMP Laba Melejit ?â—ï¸

Salim Ivomas Pratama ($SIMP) per 30 September 2022 mentabulasi laba bersih Rp896,31 miliar. Melejit 59 persen dari edisi sama tahun lalu Rp562,22 miliar. Efeknya, laba per saham dasar menjadi Rp58 dari sebelumnya Rp36.

Pendapatan dari kontrak dengan pelanggan Rp12,33 triliun, susut 12 persen dari edisi sama tahun lalu Rp14,12 triliun. Beban pokok penjualan Rp8,99 triliun, merosot 15 persen dari edisi sama tahun lalu Rp10,67 triliun. Laba kotor Rp3,34 triliun, turun 2,90 persen dari edisi sama tahun lalu Rp3,44 triliun.

Rugi atas perubahan nilai wajar aset biologis Rp107,65 miliar, anjlok dari laba Rp87,26 miliar. Beban penjualan dan distribusi Rp325,32 miliar, menukik dari Rp681,36 miliar. Beban umum dan administrasi Rp590,09 miliar, naik dari Rp577,86 miliar. Penghasilan operasi lain Rp204,88 miliar, melonjak dari Rp80,98 miliar. Beban operasi lain Rp327,27 miliar, turun dari Rp391,85 miliar.

Laba usaha Rp2,19 triliun, melesat 11 persen dari edisi sama tahun lalu Rp1,96 triliun. Laba sebelum pajak penghasilan Rp1,80 triliun, menanjak 23 persen dari posisi sama tahun lalu Rp1,46 triliun. Laba periode berjalan Rp1,16 triliun, melejit 46 persen dari edisi sama tahun lalu Rp798,93 miliar.

Total ekuitas Rp20,60 triliun, naik dari posisi akhir 2021 sebesar Rp19,78 triliun. Total liabilitas Rp16,17 triliun, turun dari periode akhir 2021 sejumlah Rp16,19 triliun. Total aset Rp36,77 triliun, naik dari episode sama akhir tahun lalu Rp35,97 triliun.

[INFO SAHAM TERBAIK LINK DI BIO]

Analisa kembali, bukan ajakan membeli dan hanya opini disc on

Pantauan Lain","5 Dec 22, 09:40 Â· Edited on 5 Dec 22, 09:46",SIMP
$ICBP $LSIP $SIMP $BINA $IMJS,"3 Dec 22, 06:19",SIMP
"Ada banyak cara untuk mengembangkan bisnis.

Salah duanya melalui bisnis baru yang masih berkaitan dan peningkatan size pasar. Hal ini bisa dicapai melalui sejumlah cara, salah satunya integrasi. Dalam postingan ini, saya membahas dua integrasi yang sering dilakukan.

Fokus, Fokus dan Fokus adalah serial yang berfokus pada metode dan cara melihat fundamental secara kualitatif (pada kualitas dan strategi). Nikmati postingan lainnya di https://cutt.ly/E1SOuBa","2 Dec 22, 17:13",SIMP
"$LIFE
$BOSS
$BLTA
$SIMP
$ICBP","2 Dec 22, 08:36",SIMP
"Harga CPO Selamatkan Laba Emiten Sawit Grup Salim LSIP & SIMP
https://bit.ly/147E996, JAKARTA â€” Harga minyak sawit mentah (crude palm oil/CPO) yang masih tinggi hingga pengujung kuartal III/2022 menyelamatkan kinerja dua emiten sawit Grup Salim, PT PP London Sumatra Indonesia Tbk. (LSIP) dan PT Salim Ivomas Pratama Tbk. (SIMP). Laba bersih keduanya tetap tumbuh per Sept...","1 Dec 22, 13:10",SIMP
"Ditempatku Bekerja Produknya Sangat Laris,
Survey ke berbagai Kompetitor Retail2 produnya juga sama Laris,
Sampai ke agen2 kecil pun produknya paling Laris.
Larist2 mulu hehe karna itu bentuk kerjasama Brand Produknya juga.

$INDF $ICBP $BINA $SIMP $LSIP","1 Dec 22, 12:06",SIMP
"Yang mau ikut akum ngekor bandar..
buy aja cicil dari harga skrg 125-130



$MKTR 2022-11-17 s/d 2022-11-30

Total Volume : 3.935.337 Lot
Net Volume : 1.171.504 Lot
Net Vol Rasio : 3,36
Average : 130,1

Net MM : 313.526 Lot (4,1 M)
Net Ritel : -430.181 Lot (-5,6 M)

Net Buyer : 22 Broker
Net Seller : 42 Broker

Keterangan MM : Akumulasi Besar
Keterangan Ritel : Penjualan Kuat","1 Dec 22, 11:42",SIMP
,,SIMP
"Rekomendasi Saham HEAL dan PALM oleh HP Sekuritas (Pre Market 16 Desember 2022)
HP Sekuritas16 Desember 2022Saham HEALTrend: Sideways;Indicator: MA10(biru)&MA20(merah)Potential: HEAL baru-baru ini mengindikasikan bullish momentum kuat dengan MA10(biru) crossing ke atas MA20(merah). Price action saat ini berpotensi koreksi untuk mencapai 0.79 FB ratio support @ 1,520. Target Pri...","16 Dec 22, 08:43",PALM
"$MTLA. ayo ndar sapa tau bisa bagger akhir tahun
$SRTG $NRCA $PALM jangan malu malu buat arakan persiapan window dressing ğŸ˜€ğŸ¤«","15 Dec 22, 17:02 Â· Edited on 15 Dec 22, 17:08",PALM
"$PALM udah mulai jalan kah
kapan mau di gas nih","15 Dec 22, 14:37",PALM
"$PALM Keystats nya kosong, ada yang tau kenapa?","15 Dec 22, 13:58 Â· Edited on 15 Dec 22, 13:59",PALM
$PALM gak ada hub dengan CPO,"15 Dec 22, 09:40",PALM
"JAKARTA, https://cutt.ly/H0xp1zp - Harga kontrak Crude Palm Oil (CPO) di Bursa Malaysia Derivatives berbalik menguat pada perdagangan Selasa (13/12/2022). Setelah mengalami penurunan pada perdagangan Senin (12/12/2022).

Berdasarkan data Bursa Malaysia Derivatives pada penutupan Selasa (13/12/2022), kontrak berjangka CPO untuk pengiriman Desember 2022 stagnan di 3.826 Ringgit Malaysia per ton. Kontrak pengiriman Januari 2023 meningkat 148 Ringgit Malaysia menjadi 3.850 Ringgit Malaysia per ton.

Sementara itu, kontrak pengiriman Februari 2023 terkerek 149 Ringgit Malaysia menjadi 3.886 Ringgit Malaysia per ton. Kontrak pengiriman Maret 2023 menguat 139 Ringgit Malaysia menjadi 3.903 Ringgit Malaysia per ton.

Serta, kontrak pengiriman April 2023 bertambah 137 Ringgit Malaysia menjadi 3.904 Ringgit Malaysia per ton. Kontrak pengiriman Mei 2023 terdongkrak 120 Ringgit Malaysia menjadi 3.898 Ringgit Malaysia per ton.

Research & Development ICDX Girta Yoga mengatakan, sepekan ke depan, harga CPO akan bergantung pada indikator pasar yang akan dirilis. Indikator yang dipantau antara lain rilisnya data ekspor CPO Malaysia untuk paruh pertama Desember, perkembangan situasi di Indonesia terkait kebijakan ekspor CPO, situasi di negara importir utama dan situasi di pasar minyak nabati.

$

Baca selengkapnya di :","14 Dec 22, 22:53",PALM
"@goldenfleece lah $INDO ini saham yang masuk sektor Properti & Real Estate, koq ""iseng"" bener punya portfolio $GOTO UNVR ICBP ?

Tak kira emiten seperti $PALM $SRTG","14 Dec 22, 16:40",PALM
"14-12-2022:
$PALM 640-650","14 Dec 22, 10:09",PALM
"WOI BANGKE PENIPU ANTONIUS BONGREINER

LIHAT SAJA STRIP2nya gak akan berani buka itu saham apa, karena ya NYANGKUT SEMUA ITU.
NGAKU HIT RATE 80%
NAIK 1-2% DIKASIH LIHAT, BANGGANYA BUKAN MAIN.
EHH NYUNGSEP SEMUA, MANA ADA TUH BAGGER.

biasanya SAHAM naik 1-2% bangganya langsung dibuka itu STRIPNYA, walau akhirnya minus juga.
ini ngak berani buka karena sahamnya langsung mendekati ARB.


dari 10 saham dalam seminggu hanya 1 saham yang naik.
lainnya NYAngkut menahun rata2 ARB berjilid. makanya NGEMIS LAGI KE MEMBER.
NGAK MAU NAMBAH ?
DI BANNED BLOKIR. PENIPU YA BEGITU.

om om tolong speakup, viralin juga

sialan memang ANTONIUS BONGREINER VOXTUR KAMPRET, SUDAH Bayar member LIFETIME, ehh karena kehabisan duit ngemis lagi harus bayar 1lot ADRO untuk pindah channel, mati aja kau BONGREINER ANTONIUS TONI PENIPU, miskin terus, duit member dimakan bandar.
kau di telegram buat strip hijau biru oren merah, semua yg kau strip ngak kau buka2 karena anjlok semua kan ?

saham BAGGER kau janjikan, nyungsep semua hampir FLoss 50-70%
beli dipucuk semua.

udah gitu menerima titip dana janji 1bulan kembali dgn profit 20% NGAK DIBAYAR2..malah diblokir..
KEMBALIKAN UANG TITIP DANA MEMBER.","11 Dec 22, 18:32",PALM
Laporan Bulanan Registrasi Pemegang Efek [PALM],"9 Dec 22, 17:40",PALM
"baru ada 5 kandidat baru yang akan masuk ke top 15 watchlist tahun 2023 .. sementara calon yang kemungkinan akan keluar dr top 15 watchlist cukup banyak.. diantaranya adalah $PNBN $NISP $PALM $MARK $AUTO

buat kisi2 saham apa aja yang bakal masuk nanti ane umumin di instagram ane @ceritasaham_id https://cutt.ly/Y0wxNLq

A*** M*** *D*** *A*** I***","8 Dec 22, 19:27",PALM
$PALM provident harusnya udah out dari $GOTO nih,"8 Dec 22, 17:44",PALM
"Auto Rejection Bawah: 7 Dec 2022 (63 saham)
$PALM -6,72%
$FITT -6,7%
$OLIV -6,67%
$RANC -6,67%
$SWID -6,67%
Historikal ARA & ARB: https://bit.ly/3LkWqN1","7 Dec 22, 16:37",PALM
$PALM ada yang tau ga nantiny yg masuk ke palm emiten apa aja ni ?,"7 Dec 22, 13:10",PALM
$PALM kayaknya ke 625 kah?,"7 Dec 22, 10:09",PALM
"$PALM alamak jang, tolong dong suhu2, cemana palm ini arahnya, cut loss saja kah?","6 Dec 22, 14:29",PALM
"@MarseLLL yg penting kan cuan. bisa aja $BUKA ganti bidang usaha jd perusahaan investasi semacam saratoga. mengubah bisnis usaha bukanlah hal tabu, yg terbaru ada $PALM yg menjual seluruh lahan sawitnya, dan skrg berganti mjd perusahaan investasi. BUKA masih punya duit cash bbrp trilyun sisa IPO, bisa dipake utk invest di perusahaan yg profit.","2 Dec 22, 18:20",PALM
"$MGRO $PALM $STAA kira"" bgusan mna klo buat longterm??","29 Nov 22, 20:22",PALM
$PALM SAMPAH,"29 Nov 22, 09:33",PALM
$PALM,"28 Nov 22, 22:22",PALM
Laporan Informasi atau Fakta Material Informasi tambahan berupa pengumuman koran terkait perubahan kepemilikan saham PCI pada Perseroan [PALM],"28 Nov 22, 21:40",PALM
"Data profil $PALM di @Stockbit ternyata belum direvisi mengikuti update terbaru.

Sejak tanggal 12 September 2022 telah terjadi perubahan nama dan Sektor usaha.

Sewaktu baca posting terkait pembahasan terkait sawit dan CPO, masih banyak yg menggunakan tag $PALM dan berfikir ini berhubungan dengan sawit padahal emiten ini tidak lagi dalam sektor usaha sawit atau CPO.

Semoga segera diupdate biar tidak salah informasi. karena saat ini PALM bukan lagi PROVIDENT AGRO tapi sudah berubah menjadi PROVIDENT INVESTASI BERSAMA

tag CPO :","26 Nov 22, 19:07",PALM
$PALM,"25 Nov 22, 20:45",PALM
"ada info yg pegang $MMLP, RUPSLB nya bahas apa? baru beli sahamnya kemarin di hari terakhir, ga dapat undangan ternyata... karena baru masuk H+2 ğŸ™„
infonya dong guys

$IHSG $BEST $ASRI $PALM","23 Nov 22, 09:13",PALM
"@romieh boleh tanya data dimana bssr emiten batubara yang tidak tergantung harga batubara internasional?

memang kayak $PALM yang profitnya tidak tergantung harga CPO internasional, karena PALM beralih profesi jadi suntik2an (modal)","21 Nov 22, 19:17 Â· Edited on 21 Nov 22, 19:19",PALM
"$BISI modal di 995 baru inget...ngapain dijual apalagi perusahaan solid rich cash masih punya growth yang amazing ,apalagi bidang cyclical food. kemarin sempat 1900 an aja ngga dijual apalagi 1500...biarin deh...walaupun ngga semanis cuan $PALM yang bisa buat beli apa aja...(buset ioniq 5 ngga dateng2, anyway thanks to $PALM) tapi beli dan lupakan bisa diaplikasikan buat bisi bukan nyari deviden ga penting2 amat.","21 Nov 22, 17:36",PALM
"$GZCO
HERE WE GO!

Open = Low!? + Break Lowerband!?

spec buy area 113-117
Take Profit
1. 123-125+! midband area
2. 130-135+! Upperband area

disclaimer on

izin tag","18 Nov 22, 10:13",PALM
"Fiber Optic $WIFI di monetisasi Provident Capital?

29 September 2022 ada pemberitaan WIFI menandatangani perjanjian serta memulai operasional penyediaan kapasitas jaringan dan colocation dengan PT Sinergi Inti Andalan Prima (Sinergy Networks) dengan potensi revenue bagi WIFI sebesar Rp 821 miliar per tahun.

What? Rp821M per tahun?

Terus terang saya skeptis dengan berita ini karena setelah berita itu keluar, saya mencari informasi terkait Synergy Networks, hasilnya ga menunjukkan kemampuan Synergy Networks untuk mengelola FO sebesar punya WIFI. Struktur korporasi sangat ringkas dengan 1 komisaris dan 1 direktur, dan tidak punya kemampuan keuangan yang besar.

Provident Capital masuk ke Synergy Networks?

Tepat nya kapan saya tidak tahu. Dalam struktur resmi kepemilikan saham, tidak ada nama Provident Capital maupun afiliasinya di Synergy Networks. Website Sinergy Networks awalnya tidak menyediakan informasi yang memadai terkait perseroan. Namun saat ini, website perseroan berubah drastis dengan tampilan dan informasi yang cukup banyak.
Muncul nama Komisaris Utama Setyanto Hantoro (saat ini di Provident Capital Partners). Hal ini menarik karena biasanya capital venture akan menempatkan perwakilan pada perseoran yang menjadi sasaran investasi. Mekanisme yang lazim dipakai biasanya dengan penyediaan dana yang nantinya akan dikonversi sebagai saham.

Apa untung nya Provident Capital mengelola FO WIFI?

Saat ini Pemerintah telah mulai program ASO (Analog Switch-Off) dengan tujuan mengosongkan frekwensi yang akan digunakan untuk 5G. Provident Capital sebagai pengendali tentunya ingin BTS nya mendapatkan jaringan FO dengan tingkat efisiensi dan operasi yang maksimal. Seperti diketahui klo FO WIFI mempunyai keunggulan kompetitif di harga (biaya investasi 1/3 dari peer) dan operasi (tanpa gangguan karena di jalur steril). Mungkin dengan menggunakan FO WIFI, TBIG akan mendapatkan keuntungan dari kecepatan migrasi ke 5G daripada kompetitornya.

Potensi WIFI kedepan?

Saat ini sudah ada informasi 2 kontrak besar yang diperoleh WIFI:
1. YELO dengan ISP merk VIBERLINK. Segmen Retail. Nilai kontrak 1.5 T (setara 200B/tahun) untuk 7 tahun dengan skema IRU. Kaget juga saya saat Viberlink menyediakan FTTH dengan kecepatan 100 Mbps dengan harga Rp100ribu. Resiko ada di YELO, buat WIFI karena kontrak IRU jadi pendapatannya fixed selama periode sewa.
2. Synergy Networks. Segmen Korporat. Nilai kontrak 821B/tahun untuk 10 tahun. Start up yang kemungkinan di back up oleh Provident Capital.

Dua kontrak besar tersebut akan jadi fixed revenue di tahun-tahun masa kontrak. Nampaknya bagi-bagi kue bisnis pemanfaatan FO WIFI sudah semakin keliatan. Untuk pendapatan yang lain belum dapat dipastikan nilainya karena perkembangan bisnis WIFI ini sangat dinamis, dimana banyak potensi lain yang blom dimonetisasi karena modal yang tipis.

Note: pendapat bisa bias karena penulis sudah punya posisi di WIFI","17 Nov 22, 21:53 Â· Edited on 17 Nov 22, 21:53",PALM
"$PALM 15 Nov 22
Shareholder : Winato Kartono
Type : Local
Bought : +355,977,018 (+5.00%)
Current : 355,977,018 (5%)
Previous : 0 (0%)","17 Nov 22, 14:20",PALM
"Fiber Optic $WIFI di monetisasi Provident Capital?



$TBIG $PALM $EXCL $MDKA","17 Nov 22, 12:30",PALM
$PALM ngarep boleh kali ndar. buat modal idup di saat resesi ğŸ¥°ğŸ¥°,"16 Nov 22, 16:15",PALM
$PALM bener2 ga ada bandarnya.,"16 Nov 22, 14:44",PALM
"$MMLP Corp ActionğŸ”œ

Laporan keuangan kuartal III 2022 sedang proses audit+Bulan depan RUPSLB (belum diketahui ada pembahasan apa, kemungkinan besar akan ada Corp Action karena pemberitahuan RUPSLB ini keluar setelah pemberitahuan lapkeu Q3 2022 akan diaudit terlebih dahulu tapi bisa juga hanya membahas pergantian komisaris utama yang baru saja mundur)+isu $PALM akan membeli/akuisisi saham $MMLP dengan rencana awal sebanyak 100 juta lembar saham+isu tender offer muncul awal tahun 2022 di harga 675+mundurnya komisaris utama Andreyanto Toemali dan direktur Loa Siong Lie bisa jadi sinyal akan ada perombakan dengan masuknya

â€¢Kondisi kas dan setara kasnya sangat tebal terutama bagian deposito terjadi peningkatan signifikan jadi tidak heran kenapa kondisi balance sheet sangat baik

â€¢Ekuitas > Market Cap dan Pbv saat ini <0,70x

DER 28,83%
CR 610,26%","14 Nov 22, 19:57",PALM
$ANDI Sekedar berbagi https://cutt.ly/ZMzao9c gaskan Tag kakak kelasnya $SIMP $AALI $PALM,"14 Nov 22, 09:46",PALM
"Recap dan Bookmark.
Collection Semua Tulisan Saya Baik Itu Serius dan Shitposting Meme Di Stockbit ada di Thread Ini.
Biar mudah untuk mencarinya.

Hi Teman-Teman Stockbit. Selamat Malam. Semoga selalu diberkati hari-hari kedepannya.
Have a blessed week ahead.

Kali ini saya ingin mengenalkan saya Kembali bagi yang belum mengenali saya.

Allow me to introduce myself once again for u all who donâ€™t know about me. Who Am I?

Just call me Ed if u donâ€™t know something about me. Iâ€™m a 24-Year-Old retail investor. Just an ordinary person. Daily routine? Just a nine to five banker irl.

Weâ€™re just ordinary people after all. Nothing special about me. I always keep myself as low as a grainy paddy.

Preaching and Teaching? I like it Like That, Pete Rodriguez Spirit. As a Christian, I believe at the story about The Parable of The Bags of Gold (Talents) / Parable of Ten Minas and The Sower. Be good as the lamp, Salt and Light.

Maybe, some people think about my sensitive topic here.
I write some sensitive thing? Nope. You can dig through the unspoken truths about IDX market with all the resources which u have. Internet, Books, Fable-Tale about Tycoon, IDX Report.
Sometimes, we need to be more a little bit realistic. Some Sins happens here? We are humans.

Kenapa Namanya GordonGeckoleon? Wallstreet 1987, Blue Horse Love Anacott Steel. Saya suka Michael Douglas, Gordon Gekko sang Corp Rider. Bagi saya, investasi sebenarnya yin dan yang. Toh di Wallstreet 2010 ada sedikit pertobatan pada akhirnya. Gekko is an interesting guy.
Grey, For me he is an antihero at the end.

Semoga apapun yang saya bagikan disini bisa memberikan insight dan manfaat bagi pembaca. Interpretasi orang bisa negatif di platform ini. We canâ€™t please anybody here.

Kalau ada pertanyaan di DM, silahkan DM saja. Tidak usah sungkan. Saya tidak menggigit.

Penegasan:
Semua tulisan bukan perintah jual atau beli dan merupakan rekomendasi transaksi saham.
Saya bisa saja memiliki Posisi di Saham Yang Saya tuliskan di tulisan saya.

SECTION PERUSAHAAN, EMITEN:

1. Belajar Soal Contoh Transaksi Tukar Guling, Share Swap dan Merger.
Tukar Guling LSIP dan IDKM, Merger BMTR MNCN sepertinya merupakan sebuah dejavu di Bursa.
Anthoni Salim yang secara tidak langsung merupakan sosok dibalik EMTEK. Cerita menarik jika anda lihat.
Chairul Tanjung, Eddy Saariatmadja yang merupakan proxy tidak langsung dibalik Salim.

Tukar Guling. Explanation Salim and Eddy Relation. Merge IDKM and SCMA?
Tukar Guling Part 2.

2. Cerita tentang Green Energy and KADIN.
KADIN has a big play and narration about green energy. They have fishy intentions. After all, ESG just a freaky clown Those Londo, West World politic-concept.
Kadin Green Games
Kadin Green Games Reel
Opung, Pandu, Boy Thohir, Kartika W, Arsjad Rasjid, Tommy Winata, Franky Oesman Widjaja
Arsjad Rasjid and Green Energy. Riddle LKH
Gautam Adani Surpass Bezoz!

3. Provident Investasi Bersama,
Provident Investasi Bersama, Investasi Bersama Provident ğŸ˜ƒ
Cerita soal Group Provident, ada sesuatu soal Winato Kartono?
Salah satu tokoh MnA menarik di Indonesia, menjalin Partnership dengan Edwin Soeryadjaya. Salah satu Top Private Equity di Indonesia, Provident Capital and Partners.
PALM and MMLP, Whats Going On?
Winato Kartono Entering PALM
Boy Thohir, Giovanna Thohir PALM
Boy Thohir, Giovanna Thohir PALM (2)
Investigating PALM ( Boy Thohir and Winato Kartono ).
Calculation ROUGH SOTP of PALM (Belajar Sum Of The Part)
Detail Calculation.
Provident Investasi Bersama: Mini Saratoga, Mini Holding. Penuh Asumsi dan Spekulasi.
Investasi Bersama Provident, not Provident Investasi Bersama (Inserting Drake Meme).

4. Singaporean Banks In Indonesia, Qualitative Analysis of Nilai Inti Sari Penyimpanan (NISP) -OCBC, UOB (Previously BBI Bank Buana Indonesia) and DBS.
Cerita tentang Bank Xin Jia Po.
Sporean Bank 1
Sporean Bank 2

5. , Bukan perusahaan pengalengan udang dan ikan lagi. Sudah jadi Raksasa Pantai Indah Kapuk 2.
PIK 2 Backdoor stock. Kekuatan Aguan, Sugianto Kusuma Lord Ncek. Beserta Nama yang tidak boleh sembarangan lu sebut.
Risk PANI (1)
PANI 2, ERAA, RF.
Namaste Salim x Aguan, Salam Tzu Chi.
Namaste Salim x Aguan 2, Salam Tzu Chi.
Amalan Cinta kasih Buddhist
Main Golf dulu di PIK 2, menutup exitnya saya dari PANI.

6. Cerita BO (Beneficial Owner) dari Amman International
Amman Internasional, katanya punya MEDCO dan Panigoro Family, sebenarnya ada pemilik lain terselubung.
Selamat menikmati cerita Salim, Agoes Prodjo, Alex Ramlie. Salim dan Investment Bankers, menguasai Tembaga.
Introducition To Amman Mineral International
Salim Sang Truth BO Amman.
Teka Teki Tembaga dan BRMS,

7. Shitposting OASA Maharaksa Biru Energi:
Saham lucu yang sangat lucu. Ex Bakrie and Brothers memulai Bisnis barunya sendiri, mengambil kue dan mencoba berpindah kuadran dari Professional ke Entrepreneur, Businessman dan Investor
Katanya, EBT First Market Mover kalau kata PV Lord Mirae.
Kalau kata Klub Rumah, mau nyari funding pakai Namanya sendiri.
Guessing The Corp Act?
Shitposting Adani
Learning From Waste Management, Mafia Business. Peter Lynch One Of His Favourite Stock.
The Future Is Now.
SUEZ Group, France Infra Player. Blusukan Sowan.
A Fun Initiate Report Of OASA.
La Vie La Bonjour La Cherie Amor.
Cinta Laura Kiehl, Commissioner Of OASA.
Peer To Peer Analysis, Waste Management and Veolia.
Maharaksa Biru Energi Risk (1)
Maharaksa Biru Energi Risk (2)
Cinta Laura, Rangga, EZ. Letâ€™s Go Blue Campaign in Citayam
Bobby & Partners and Edwin Soeryadjaya
Cinta Laura x Lambe Turah. Letâ€™s Go Blue Campaign.
Trivia OASA, MARI and ET.
Jangan Lupa Buang Sampah Pada tempatnya.
Negotiation of 20% Of OASA. Something Brewing.
Penelusuran Beneficial Owner OASA.
Rewrite The Risk.
Fransisca Wiryasaputra and OASA
Pelangi Pelangi
OASA Partnership?

INDONESIAN TYCOON OLD-Section

8. Old Soeryadjaya Stories.
Salah satu favorit saya, Edwin Soeryadjaya. Salah satu duo pangeran Soeryadjaya Family. Membawa Kembali kejayaan Astra di Indonesia.
Dulu Spoiled Kid, sekarang jadi BRK Indonesia.
Edwin Soeryadjaya and Elon Musk
Learn about Soeryadjaya, Civil War

9. Anthoni Salim, Cerita Terselubung The Actual Richest Man In Indonesia.
The title alr. Describe it.
Anthony Salim in Peenoisse
Salim in Financial.
Salim Penguasa Indonesia
Salim dan Coal, Welcoming BUMI
Salim, The Winner Takes It All. The Losers Standing Small.
Salim Sang Truth BO Amman.
Teka Teki Tembaga

9. Cerita soal B7 pun pernah menjebak Indo hidden tycoons.
Cerita tentang nasihat dan curhatan client saya selama tiga jam, seorang konglomerat.
Bad truth about Lehman. Bakrie, Seven Brothers menjebak Fomo layaknya era hype digital, farmasi di tahun 2003-2008 yang menjebak pasangan suami istri tsb.
Catatan :
Seven Brothers: Sebutan untuk Emiten Bakrie < Lehman Brothers 2008, , BNBR, ENRG, ELTY, BTEL, UNSP, DEWA yang termasuk Seven Brothers. Saham Bakrie memiliki cerita menarik dikarenakan big caps, likuid, memiliki eksposur dengan politik dan pemerintah.
BRMS VIVA MDIA JGLE Tidak termasuk seven brothers (Karena IPO setelah bencana Lehman Subprime).
Saya menyebut Lehman = Subprime gara-gara client saya

10. Sedikit kisah soal Theodore Permadi Rachmat, CEO Lord.
CEO Lord? Ya, Dari CEO dan Komisaris Astra berpindah kuadran, didikan Om William Soeryadjaya, memimpin Astra hingga merintis Usaha sendiri, membesarkan Triputra Group di masa tuanya.
BTPS Grameen Bank dan TP Rachmat.
Part 1 BTPS
Part 2 BTPS

ADMF and TP Rachmat, Saham Bapak - Bapak Koko Koko : Adira Dinamika Multi Finance & Cerita Angsa Bertelur Emas Seorang TP Rachmat.

Perkenalan TP Soal Rachmat
Apa yang CARS punya tapi ASLC Nggak Punya?
Setajuk Cerita TP Rachmat

11. Hermanto Tanoko, Tanoko Family: Soerabaja Real Businessmen. Crazy Rich Kerjo Kerjo Growth Growth.
Sinergitas Ekosistem Bahan Bangunan CAKK Acq

12. Sedikit kisah Djarum Group (Beli Bli, Ranch dan Djarum)
Sedikit Cerita soal group Djarum. Cash Rich boi. Good GCG. Good Stakeholders.
Kekuatan Vehicle Keluarga Kudus setelah Tax Amnesty.
Ranch Market Introduction
BELI Pre IPO, Shareholder Analysis and Rumors Djarum.
Takedown IG Post By BCA Securities.
WELCOMING BELI IPO. HIT ALL.
BDMN BBCA
Ibu Vera Eve Lim Riddle

UNPOPULAR SECTION: BROKER HOUSE, INVESTORS and PRIVATE EQUITY (REAL MARKET-MAKER) LORDS?

13. Riddle About Lord Kheng Hong, not Lo Kheng Hong. Heâ€™s A Lord!
I know something about him which canâ€™t be opened to public. Mr Ahong merupakan sahabat dari mama sahabat di masa SMA saya. Beliau memang investor publik yang unik dan keren. Panjang sabar, modal tidak habis. Bantalan besar, MOS besar saya tetap akumulasi.
Even LKH bukan lulusan luar, beliau menunjukkan beliau bisa memperoleh triliunan dari Bursa.
ABMM Shareholder. Exposing Kheng Hong & Haiyanto.
Riddle Mayapada and Tahir. Unpopular Secret.
Ketemu LKH di Central Park, My Opinion About Him.
Riddle LKH.

SEGMEN BROKER SEKURITAS DAN WAJAH DIBALIK BROKER.

Wajah, analisis dibalik orang-orang dibalik Broker House. Cerita menarik soal Bursa.

14. Broker House and Related Unpopular Broker Guy Series:
Introduction to Suwantara Gotama. Nama yang Tidak b
Om San San, Riddle Samuel Sekuritas (IF) IFYKWIM
Laggard HP Lord FS The One.
Tjoeay Jarvis and Fransisca W, Mirae.
Teka Teki IF dan FILM.
Introduction To Master Broker. AZ, HP, IF, KI, MG, RF
Suwantara Gotama Flex The Scalp!
BUMI Suwan
Suwan MBSS

15. Cerita tentang Broker Ciptadana.
Ciptadana Sekuritas Catherine Irene Peggy Tirta - Tony Aileen Hambali DANA.
Teka Teki Ciptadana Sekuritas.

16. Story about Om Pieter Tanuri Cumi-Cumi. Trimegah, Syailendra and Buana Capital Boi.
Pieter Tanuri, Im not a Squid man!
Syailendra Capital, Pieter Tanuri, Jos Parengkuan, Jonathan Chang.

17. Cerita Om Jonathan Chang Indonesian Jardine Matheson Guy- Astra Market Maker
Cerita misterius tentang sosok Jonathan Chang.
Introduction
Jonathan Chang, Jonathan Chang, Indonesian Jardine Matheson Guy- Astra Market Maker
Jonathan Chang, Tambahan

18. SHAREHOLDER ANALYSIS:
Salah satu favorit saya, Membuka lapisan Perusahaan hingga tetes terakhir, Tetes terakhir nikmat, hingga tetes terakhir.
ADRO, Belajar Batubara Keluarga Old Astra
ADRO Revisi (Jika membuka Saratoga dsb).
HRUM, Belajar Barki Family
Amman Mineral Internasional

UNCLASSIFIED:
IMPC Norway, Exit Stocksplit and PP eh?
IMPC Tjipto Family. Guess the Boy-Girl Friend.
Teka Teki Keluarga Setijo , PBRX, SRIL AISA.
BIRD and Binar
BIRD and Gojek? Patrick Walujo Fishy Move.
SMMT Buyers, menebak pembeli Batubara Rajawali.
Political Stock
ARKO Trivia. Introduction to New Gen Astra.

PHILOSOPHY:
Plato Socrates Aristoteles 1.1
Philosophy 11.11, Rasa Syukur dan Berbagi

SHITPOSTINGS:
Some Memes Yow.
IPPE ZATA BEBS ZATA IPO Kekuatan
HT and Arsari MSIN MNCN BMTR IPTV
Ligtnight, Doc Hudson bisa pension

ART and PDF:
I love drawing.
ART Bill Ackman

PDF Section:
Jonathan Chang, Jonathan Chang, Indonesian Jardine Matheson Guy- Astra Market Maker

Happy Weekend, Enjoy Reading. Semoga tulisan ini membawa hal baik dan menebar garam dan terang bagi kita semua.

1 Chronicles 4:10 NIV
â€œJabez cried out to the God of Israel, ""Oh, that you would bless me and enlarge my territory! Let your hand be with me, and keep me from harm so that I will be free from pain."" And God granted his request. . â€

May The Force Be With Us, Let The Cuan Be With Us.","13 Nov 22, 19:58 Â· Edited on 14 Nov 22, 08:47",PALM
"@axlarry $FREN jadi perusahaan sunmod, macem $PALM dan $BUKA aja","10 Nov 22, 20:08",PALM
$PALM ayo ndar masa lepas tato ga ara 7 hari 7 malem. bisa lah ndar 7 hari mejeng di top gainner,"10 Nov 22, 14:04",PALM
"@DimasAnggoroPutro $PALM tunggu di 300an aja nanti, atau 200skalian ğŸ˜„","9 Nov 22, 20:52",PALM
$PRAY $MPMX $SRTG $PALM,"9 Nov 22, 10:29",PALM
Laporan Bulanan Registrasi Pemegang Efek [PALM],"9 Nov 22, 10:20",PALM
,,PALM
